SKU,Predicted_Demand,Velocity_Rank
85123A,6168.12,1.0
85099B,4789.77,2.0
22086,4713.32,3.0
21212,3873.02,4.0
22910,3784.34,5.0
22867,3732.24,6.0
22423,3540.31,7.0
79321,3469.77,8.0
22865,3291.14,9.0
84879,3114.47,10.0
84946,3066.21,11.0
22866,2888.19,12.0
22197,2788.8,13.0
22952,2569.46,14.0
22112,2550.37,15.0
71477,2341.67,16.0
21232,2224.31,17.0
22633,2146.56,18.0
84347,1985.8999999999999,19.0
22111,1935.68,20.0
22632,1887.2,21.0
21733,1842.53,22.0
22585,1836.16,23.0
22114,1819.44,24.0
22629,1785.6100000000001,25.0
22469,1771.33,26.0
22909,1746.57,27.0
21485,1724.1399999999999,28.0
84077,1694.15,29.0
21098,1667.8500000000001,30.0
21231,1620.54,31.0
84945,1581.02,32.0
22699,1505.81,33.0
82494L,1504.98,34.0
21481,1463.98,35.0
21494,1461.75,36.0
21080,1454.23,37.0
21181,1450.9099999999999,38.0
84991,1443.88,39.0
84950,1426.53,40.0
85048,1424.73,41.0
84970S,1417.94,42.0
22697,1397.1100000000001,43.0
22178,1390.63,44.0
21977,1389.51,45.0
21213,1386.08,46.0
22945,1380.07,47.0
20725,1376.1200000000001,48.0
22659,1297.93,49.0
21166,1251.73,50.0
20972,1247.83,51.0
22198,1237.34,52.0
84029E,1231.34,53.0
22630,1225.6399999999999,54.0
21790,1218.3,55.0
82482,1213.04,56.0
21931,1206.11,57.0
22791,1198.05,58.0
20971,1195.05,59.0
22616,1190.49,60.0
22386,1171.52,61.0
72741,1166.83,62.0
20668,1156.84,63.0
21498,1147.54,64.0
22470,1137.94,65.0
22411,1118.96,66.0
82484,1114.86,67.0
20724,1104.75,68.0
22147,1088.16,69.0
22834,1087.8799999999999,70.0
21731,1086.77,71.0
20713,1084.06,72.0
84992,1082.47,73.0
85099C,1081.18,74.0
82600,1060.0,75.0
21484,1056.6,76.0
22457,1040.96,77.0
22492,1034.87,78.0
21992,1017.4,79.0
84947,1015.57,80.0
22144,1014.7,81.0
22652,1014.45,82.0
22551,1000.6800000000001,83.0
22556,999.0,84.0
82483,997.49,85.0
20914,985.03,86.0
17003,974.92,87.0
22740,969.57,88.0
22371,957.99,89.0
22734,957.91,90.0
22759,952.49,91.0
22816,936.8000000000001,92.0
22110,928.4,93.0
22355,927.62,94.0
21488,920.78,95.0
21314,920.46,96.0
21186,919.56,97.0
22666,908.68,98.0
20719,908.6,99.0
21094,898.9,100.0
22149,898.76,101.0
20727,895.19,102.0
22158,878.27,103.0
22571,878.12,104.0
21121,874.68,105.0
21791,868.48,106.0
47591D,857.86,107.0
84949,857.6800000000001,108.0
85152,855.38,109.0
22294,854.8199999999999,110.0
21326,850.25,111.0
21982,847.65,112.0
22139,847.5,113.0
22712,838.95,114.0
85099F,836.41,115.0
22959,835.28,116.0
22557,830.2,117.0
22694,827.98,118.0
20723,825.28,119.0
84836,805.51,120.0
22818,800.24,121.0
22646,799.57,122.0
22141,790.5600000000001,123.0
22595,785.47,124.0
22467,784.38,125.0
20974,779.48,126.0
21928,775.72,127.0
22311,774.21,128.0
22379,756.07,129.0
84970L,750.26,130.0
21258,743.37,131.0
22837,737.83,132.0
22943,735.88,133.0
21156,735.36,134.0
22130,731.79,135.0
22083,730.44,136.0
22597,724.5,137.0
82583,713.49,138.0
82486,707.34,139.0
22645,702.77,140.0
22804,700.79,141.0
22554,699.35,142.0
22667,697.91,143.0
21175,693.53,144.0
22776,692.12,145.0
22560,691.33,146.0
22419,689.12,147.0
22755,682.95,148.0
21136,680.83,149.0
21210,679.55,150.0
22754,679.35,151.0
22855,678.18,152.0
84978,676.75,153.0
22383,676.38,154.0
22577,673.58,155.0
21976,672.27,156.0
22174,669.37,157.0
22534,661.17,158.0
21889,660.03,159.0
22029,651.22,160.0
22326,649.12,161.0
21086,643.99,162.0
21586,643.0,163.0
21479,637.5,164.0
22077,636.3,165.0
84029G,632.81,166.0
22189,629.76,167.0
84598,629.57,168.0
21704,629.47,169.0
22951,621.67,170.0
84406B,620.61,171.0
21429,620.25,172.0
20975,619.16,173.0
21870,615.12,174.0
22906,605.01,175.0
35004C,604.6,176.0
21174,603.9599999999999,177.0
22847,601.88,178.0
35957,599.25,179.0
21980,598.66,180.0
21914,598.23,181.0
20711,589.25,182.0
21116,588.79,183.0
22328,588.73,184.0
22385,585.4399999999999,185.0
22555,585.07,186.0
71459,583.29,187.0
37370,583.23,188.0
15036,582.3100000000001,189.0
21011,580.6,190.0
22578,577.87,191.0
21915,577.05,192.0
21929,570.54,193.0
84692,570.3100000000001,194.0
20712,567.08,195.0
22417,564.98,196.0
22812,563.74,197.0
22835,561.7,198.0
84050,557.53,199.0
15056BL,556.3100000000001,200.0
22727,549.73,201.0
22549,548.9,202.0
22271,548.38,203.0
84832,544.91,204.0
22333,543.93,205.0
85049A,539.58,206.0
20726,536.96,207.0
22553,536.65,208.0
22593,536.64,209.0
22574,533.83,210.0
22622,530.41,211.0
22665,526.64,212.0
21993,526.5600000000001,213.0
22602,521.75,214.0
22594,519.98,215.0
22620,514.28,216.0
22444,511.8,217.0
47566,509.93,218.0
22572,507.52,219.0
21499,507.42,220.0
20718,507.14,221.0
22561,506.32,222.0
21990,506.28,223.0
22738,506.16,224.0
16237,503.61,225.0
22464,500.4,226.0
22726,499.59999999999997,227.0
22601,499.1,228.0
21165,498.11,229.0
22536,497.37,230.0
22575,494.92,231.0
22904,494.28000000000003,232.0
22654,490.42,233.0
20728,489.89,234.0
21871,486.51,235.0
35598D,485.87,236.0
22314,485.62,237.0
22374,484.67,238.0
20973,483.2,239.0
21703,482.96000000000004,240.0
21351,482.1,241.0
22418,478.87,242.0
22733,478.67,243.0
84380,477.83,244.0
84032B,477.16,245.0
22356,476.97,246.0
22693,476.8,247.0
15056N,475.51,248.0
22603,474.77,249.0
21916,474.21,250.0
72807C,474.02,251.0
84030E,473.71,252.0
85131A,473.38,253.0
22569,473.26,254.0
22617,471.65999999999997,255.0
22940,468.09,256.0
22637,465.61,257.0
22381,464.33,258.0
22739,463.62,259.0
22704,457.32,260.0
22573,457.23,261.0
21591,452.99,262.0
22530,451.76,263.0
22579,450.96,264.0
22113,450.83,265.0
22795,450.52,266.0
22312,449.25,267.0
21930,448.63,268.0
22766,448.35,269.0
21801,445.58,270.0
22745,445.45,271.0
21169,444.6,272.0
22027,443.81,273.0
84568,442.26,274.0
84378,441.07,275.0
21975,437.65,276.0
85032D,436.95,277.0
21908,436.72,278.0
22544,435.65,279.0
22661,432.36,280.0
20979,431.83,281.0
84755,431.33,282.0
21808,429.03,283.0
85150,428.63,284.0
22748,427.33,285.0
22810,426.76,286.0
85049E,425.21000000000004,287.0
21802,425.05,288.0
22382,424.16,289.0
17084N,423.86,290.0
21803,423.74,291.0
22219,421.03000000000003,292.0
22581,419.97,293.0
22784,419.29,294.0
21527,418.11,295.0
22600,417.97,296.0
22151,416.84000000000003,297.0
85175,415.72,298.0
21829,414.83,299.0
21833,411.29,300.0
35400,410.07,301.0
22505,409.2,302.0
22082,409.09,303.0
22892,407.71,304.0
22030,407.11,305.0
22662,405.25,306.0
22752,403.73,307.0
21495,402.76,308.0
79000,401.91999999999996,309.0
21877,401.45,310.0
22792,400.45,311.0
22563,400.3,312.0
22296,400.05,313.0
22375,400.03,314.0
48138,399.66,315.0
22644,398.94,316.0
22367,398.9,317.0
21587,398.48,318.0
22507,397.71,319.0
22568,396.39,320.0
22087,395.23,321.0
22243,395.01,322.0
84987,393.31,323.0
22570,392.45,324.0
22798,392.45,325.0
22941,390.92,326.0
20750,390.62,327.0
22348,386.52,328.0
22273,386.32,329.0
22090,385.78,330.0
21497,385.15,331.0
21830,381.96,332.0
22737,381.58,333.0
22580,381.55,334.0
21584,381.26,335.0
20685,378.84,336.0
22631,378.84,337.0
21506,377.73,338.0
21191,377.64,339.0
10002,376.97,340.0
20871,376.40000000000003,341.0
22297,376.37,342.0
22771,373.63,343.0
21500,373.09999999999997,344.0
22196,372.72,345.0
20983,372.48,346.0
22750,372.12,347.0
22749,372.09,348.0
22489,372.07,349.0
22064,370.62,350.0
22757,368.81,351.0
20749,368.69,352.0
22716,368.31,353.0
22599,368.18,354.0
22851,364.98,355.0
22576,363.04,356.0
21559,361.86,357.0
21892,361.45,358.0
22698,358.90999999999997,359.0
22753,358.36,360.0
21668,358.27,361.0
22741,357.67,362.0
22736,357.5,363.0
20676,356.73,364.0
21154,355.29,365.0
21035,354.98,366.0
22946,353.14,367.0
22846,350.68,368.0
22714,349.48,369.0
21531,348.55,370.0
21259,348.5,371.0
22728,347.25,372.0
22155,346.98,373.0
72800E,346.88,374.0
21509,343.62,375.0
20963,343.51,376.0
21034,343.26,377.0
20828,341.18,378.0
22969,340.39,379.0
20679,339.49,380.0
84032A,338.71999999999997,381.0
22634,336.92,382.0
84997B,336.46,383.0
84880,335.93,384.0
21641,334.85,385.0
22809,333.22,386.0
20961,333.0,387.0
21192,331.97,388.0
22295,331.08,389.0
22968,331.04,390.0
22746,330.1,391.0
22813,329.91,392.0
22150,329.81,393.0
22195,329.2,394.0
48184,329.07,395.0
22183,329.0,396.0
21754,328.68,397.0
84754,328.47,398.0
22899,328.11,399.0
22567,327.54,400.0
22142,327.42,401.0
22730,326.62,402.0
72351B,325.57,403.0
21533,325.09,404.0
22732,324.95,405.0
22384,323.06,406.0
82580,322.98,407.0
22154,321.98,408.0
48194,321.9,409.0
22768,321.87,410.0
22619,319.67,411.0
21108,319.62,412.0
20966,319.54,413.0
22623,316.79,414.0
22900,316.22,415.0
20978,313.42,416.0
22376,313.31,417.0
22907,310.69,418.0
22663,309.97,419.0
35961,309.96,420.0
22758,309.62,421.0
22588,308.61,422.0
22584,307.97,423.0
21648,307.41,424.0
22651,306.94,425.0
22719,304.78000000000003,426.0
22983,304.67,427.0
16161P,304.28000000000003,428.0
84997D,303.35,429.0
84341B,302.83,430.0
22531,302.32,431.0
22729,301.37,432.0
21137,299.23,433.0
21507,298.78000000000003,434.0
22173,297.88,435.0
21172,297.71999999999997,436.0
21623,297.01,437.0
20677,296.46999999999997,438.0
20982,295.34000000000003,439.0
85199L,295.17,440.0
21143,295.07,441.0
16156S,293.95,442.0
22466,293.7,443.0
85038,292.73,444.0
21523,292.51,445.0
85014B,290.1,446.0
21967,289.9,447.0
48187,289.57,448.0
22537,289.44,449.0
72351A,287.97999999999996,450.0
82582,287.27,451.0
21328,287.12,452.0
22614,286.95,453.0
22938,286.77,454.0
84997C,285.98,455.0
35964,285.3,456.0
21985,284.84,457.0
22890,283.88,458.0
21122,283.71,459.0
21700,282.7,460.0
20754,282.4,461.0
21868,282.25,462.0
22041,281.9,463.0
22244,278.89,464.0
72816,278.34,465.0
22065,277.64,466.0
22942,276.61,467.0
22587,276.05,468.0
47567B,275.94,469.0
20956,275.56,470.0
22162,274.18,471.0
22731,273.85,472.0
37450,273.73,473.0
21385,273.62,474.0
21558,273.59,475.0
21430,272.86,476.0
22502,272.86,477.0
82599,272.66,478.0
21508,272.41,479.0
21786,271.71,480.0
22501,271.58,481.0
21592,271.21,482.0
47559B,270.19,483.0
21588,270.13,484.0
22028,269.74,485.0
22539,268.71999999999997,486.0
21891,268.42,487.0
22807,264.02,488.0
22747,263.46,489.0
85199S,263.4,490.0
22565,263.38,491.0
22156,263.21999999999997,492.0
22725,262.6,493.0
85018D,262.59,494.0
37449,262.48,495.0
21068,262.26,496.0
21658,262.21,497.0
22186,261.95,498.0
22078,261.9,499.0
21218,261.72,500.0
22372,261.06,501.0
21114,260.61,502.0
90214J,260.12,503.0
21217,259.13,504.0
22772,258.2,505.0
21164,257.83,506.0
35599D,256.42,507.0
22335,255.25,508.0
21187,254.29,509.0
22635,254.17,510.0
22840,253.68,511.0
22845,253.5,512.0
21124,252.87,513.0
22153,250.97,514.0
22653,250.24,515.0
21900,249.65,516.0
21071,248.92000000000002,517.0
22592,248.43,518.0
85066,248.37,519.0
21535,248.35,520.0
22781,248.03,521.0
21743,246.3,522.0
22751,246.13,523.0
21670,246.10999999999999,524.0
85064,245.69,525.0
47566B,245.48,526.0
84352,243.66,527.0
84997A,243.62,528.0
21755,243.49,529.0
22188,242.97,530.0
22898,242.92,531.0
10135,242.54000000000002,532.0
22493,242.36,533.0
22696,242.34,534.0
85118,241.79000000000002,535.0
22669,241.53,536.0
84375,238.52,537.0
85227,237.64,538.0
21544,237.29999999999998,539.0
21671,237.21,540.0
22548,237.2,541.0
22079,236.79,542.0
22582,236.25,543.0
22966,236.22,544.0
84536A,235.76,545.0
21981,235.53,546.0
22862,234.68,547.0
22670,233.91,548.0
71053,232.64,549.0
37424,232.31,550.0
22649,232.18,551.0
22895,231.81,552.0
22540,231.79000000000002,553.0
22421,231.42000000000002,554.0
21329,231.05,555.0
20829,230.35,556.0
21874,229.67000000000002,557.0
22598,229.26,558.0
21888,229.25,559.0
22838,228.83,560.0
21673,228.70000000000002,561.0
37340,227.8,562.0
22274,227.18,563.0
22589,226.72,564.0
85232B,224.76000000000002,565.0
21669,224.51,566.0
21899,223.0,567.0
20675,222.39,568.0
21807,222.32999999999998,569.0
21818,222.10999999999999,570.0
21313,222.01,571.0
22465,221.83,572.0
20941,221.45,573.0
21463,221.05,574.0
21352,220.89,575.0
22161,220.44,576.0
21918,220.06,577.0
22690,219.48,578.0
85231B,219.31,579.0
22800,218.87,580.0
21239,218.48999999999998,581.0
21986,216.57,582.0
21832,216.52,583.0
20977,216.02,584.0
21107,215.82,585.0
21902,215.65,586.0
22817,215.47,587.0
72807A,215.4,588.0
20969,215.1,589.0
21524,214.83,590.0
20992,214.72,591.0
21327,214.45,592.0
21672,214.07,593.0
22487,213.03,594.0
22956,212.4,595.0
21984,212.12,596.0
22713,211.79,597.0
85178,211.49,598.0
22566,211.39,599.0
16161U,210.72,600.0
48185,210.52,601.0
22352,210.34,602.0
82613D,210.09,603.0
20682,209.63,604.0
22984,209.33,605.0
11001,208.63,606.0
22109,208.43,607.0
85014A,208.05,608.0
22639,208.0,609.0
22075,207.22,610.0
90214A,207.13,611.0
22242,207.12,612.0
85049G,206.63,613.0
22562,206.4,614.0
22380,206.06,615.0
84988,205.76,616.0
22743,205.6,617.0
21843,205.27,618.0
21340,205.2,619.0
21238,204.99,620.0
21041,204.97,621.0
15056P,204.68,622.0
22508,204.28,623.0
21380,204.22,624.0
47590A,204.22,625.0
21428,201.53,626.0
21407,201.09,627.0
51014C,201.05,628.0
21844,200.34,629.0
22207,199.27,630.0
22624,198.35999999999999,631.0
22986,198.25,632.0
47367B,197.83,633.0
22533,197.71,634.0
22706,197.64000000000001,635.0
84971S,196.68,636.0
90214E,196.56,637.0
85039A,196.5,638.0
20981,195.21,639.0
21901,195.06,640.0
22084,194.48,641.0
22625,194.37,642.0
21349,194.03,643.0
22801,194.02,644.0
21216,193.74,645.0
90214S,192.88,646.0
22779,192.67000000000002,647.0
22059,192.12,648.0
22893,191.9,649.0
22152,191.69,650.0
85039B,191.5,651.0
22744,191.37,652.0
22157,190.95,653.0
22042,190.78,654.0
22735,190.29,655.0
22187,190.27,656.0
15060B,190.25,657.0
22037,189.76,658.0
90214C,189.69,659.0
22650,189.68,660.0
84006,189.65,661.0
22049,189.1,662.0
21240,188.92,663.0
22780,188.85,664.0
22535,188.18,665.0
22911,188.07,666.0
20970,188.02,667.0
21730,187.72,668.0
21912,187.63,669.0
75049L,187.42,670.0
22165,187.02,671.0
21907,186.93,672.0
21155,186.82,673.0
21135,186.47,674.0
22767,186.35,675.0
22451,185.98,676.0
22121,184.72,677.0
21390,184.6,678.0
21381,184.56,679.0
84536B,184.45,680.0
22955,184.24,681.0
79164,183.76,682.0
72818,182.96,683.0
20717,182.81,684.0
21642,182.67,685.0
85174,182.55,686.0
20986,182.41,687.0
22692,182.39,688.0
21705,182.32,689.0
21069,181.63,690.0
22483,181.35,691.0
48111,181.19,692.0
85132A,180.89,693.0
21001,180.85999999999999,694.0
22775,180.51999999999998,695.0
22695,180.10999999999999,696.0
37446,179.73000000000002,697.0
22301,179.57,698.0
22313,179.49,699.0
22618,179.22,700.0
22636,178.98,701.0
35954,178.82,702.0
22854,178.79,703.0
21260,177.72,704.0
22045,177.43,705.0
22422,177.02,706.0
22586,176.73,707.0
22774,176.62,708.0
21042,176.2,709.0
21777,176.02,710.0
22688,175.84,711.0
22668,175.77,712.0
22460,175.63,713.0
35599B,175.60000000000002,714.0
21147,175.04,715.0
72799F,174.72,716.0
22708,174.68,717.0
22842,174.46,718.0
22532,174.23,719.0
22841,174.14000000000001,720.0
70007,173.85,721.0
20751,173.69,722.0
21621,173.61,723.0
21809,172.68,724.0
22664,172.64000000000001,725.0
90214H,172.57999999999998,726.0
21643,170.69,727.0
20681,170.52,728.0
85226A,170.36,729.0
20665,170.28,730.0
22336,169.04,731.0
22306,169.01,732.0
47599A,168.48,733.0
22705,168.34,734.0
85068,168.04999999999998,735.0
22399,167.66,736.0
22815,167.34,737.0
22212,166.91,738.0
20733,166.43,739.0
22863,166.06,740.0
22488,165.83,741.0
22848,165.76,742.0
48188,165.46,743.0
22908,165.27,744.0
17084P,164.82,745.0
22024,164.47,746.0
22897,162.99,747.0
79067,162.94,748.0
21787,162.89,749.0
20967,162.29,750.0
22717,161.31,751.0
21890,161.17,752.0
72807B,161.11,753.0
21876,159.82,754.0
21562,159.52,755.0
21556,159.18,756.0
22849,159.12,757.0
22170,158.95,758.0
40016,158.38,759.0
21452,158.3,760.0
17091J,158.14,761.0
22789,158.06,762.0
82613B,157.5,763.0
22454,157.37,764.0
21679,157.31,765.0
22844,156.97,766.0
85049C,156.77,767.0
20878,156.63,768.0
16238,156.59,769.0
22711,156.41,770.0
82578,155.64,771.0
22819,155.41,772.0
21411,155.0,773.0
21486,154.96,774.0
22413,154.95,775.0
85170A,154.79999999999998,776.0
16235,154.18,777.0
20735,154.04,778.0
47580,153.65,779.0
84792,153.39,780.0
16236,153.36,781.0
22944,153.35,782.0
21991,151.37,783.0
85040A,151.28,784.0
22564,150.79,785.0
21272,150.51,786.0
22179,149.64,787.0
21067,149.35,788.0
84854,149.32,789.0
22435,149.17000000000002,790.0
22948,149.07,791.0
85132C,148.76,792.0
84535B,148.66,793.0
21261,148.32,794.0
85169A,148.31,795.0
82581,148.09,796.0
22805,147.15,797.0
48173C,146.87,798.0
22604,146.84,799.0
90214M,146.66,800.0
48116,146.42000000000002,801.0
22080,146.42,802.0
21033,145.93,803.0
84031A,145.60999999999999,804.0
21539,145.03,805.0
22843,144.97,806.0
22765,144.77,807.0
22778,144.76,808.0
22672,144.16,809.0
22398,144.07999999999998,810.0
72802C,143.46,811.0
21935,143.36,812.0
21814,142.57,813.0
22718,142.49,814.0
21285,141.9,815.0
21698,141.84,816.0
22272,141.84,817.0
21291,141.72,818.0
21244,141.56,819.0
22131,141.39,820.0
72817,141.21,821.0
22839,140.98,822.0
21811,140.56,823.0
22182,140.55,824.0
22441,140.54,825.0
22949,140.52,826.0
21163,140.12,827.0
21355,139.95,828.0
85114B,139.63,829.0
22947,139.38,830.0
22689,139.27,831.0
37423,138.92000000000002,832.0
84685,138.76,833.0
85231G,138.4,834.0
21356,138.32,835.0
18007,138.31,836.0
22224,138.09,837.0
85061W,137.88,838.0
21578,137.12,839.0
47591B,137.09,840.0
22796,136.95,841.0
21815,136.56,842.0
21577,136.51,843.0
21257,136.44,844.0
22171,136.36,845.0
84625D,136.23000000000002,846.0
22456,135.97,847.0
22468,135.89,848.0
20798,135.84,849.0
21504,135.7,850.0
37447,135.64,851.0
21284,135.28,852.0
21242,134.76,853.0
85131D,134.35,854.0
21348,134.17000000000002,855.0
22439,134.04,856.0
85049D,133.76,857.0
84212,132.85,858.0
22135,132.57,859.0
84520B,132.23,860.0
22107,131.71,861.0
21974,131.22,862.0
21012,131.02,863.0
22814,130.77,864.0
22627,130.48,865.0
85084,130.32,866.0
22905,130.22,867.0
82552,129.96,868.0
72760B,129.61,869.0
22742,129.29,870.0
21677,129.25,871.0
22329,128.85,872.0
90214R,128.82,873.0
22902,128.67,874.0
84625C,128.45,875.0
22300,128.37,876.0
20752,128.35,877.0
21161,128.25,878.0
22525,128.12,879.0
21826,127.32000000000001,880.0
21519,126.85000000000001,881.0
21819,126.82,882.0
84534B,126.62,883.0
21810,126.5,884.0
35004B,126.43,885.0
22896,126.23,886.0
21828,125.72,887.0
22760,125.52,888.0
21179,125.43,889.0
85062,124.91,890.0
21872,124.89,891.0
84078A,124.39,892.0
18097C,124.23,893.0
72232,124.05,894.0
22420,123.3,895.0
21934,123.21000000000001,896.0
47556B,123.13,897.0
21866,122.8,898.0
84031B,122.61,899.0
21243,122.53,900.0
22615,122.52,901.0
85114A,122.51,902.0
22550,122.09,903.0
84580,122.01,904.0
21000,121.99,905.0
82011C,121.92,906.0
21622,121.78999999999999,907.0
22558,121.64,908.0
22190,121.46,909.0
84763,121.15,910.0
22988,121.14,911.0
21014,120.92,912.0
21561,120.85,913.0
85045,120.6,914.0
16169K,120.53,915.0
21466,120.53,916.0
22524,120.17,917.0
22606,120.02,918.0
47563A,119.86,919.0
90086,119.83,920.0
48129,119.72,921.0
22095,119.48,922.0
84559B,119.33,923.0
79144C,119.26,924.0
22437,119.24,925.0
22891,119.14,926.0
22279,118.9,927.0
20996,118.5,928.0
22452,118.44,929.0
22406,118.11000000000001,930.0
21215,117.74,931.0
21864,117.7,932.0
21063,117.69,933.0
21421,117.63,934.0
21756,117.15,935.0
21630,117.08,936.0
22055,116.22999999999999,937.0
21379,116.08,938.0
85049B,115.08,939.0
85114C,114.65,940.0
84596B,114.28,941.0
21824,113.55,942.0
51014A,113.49000000000001,943.0
22715,113.37,944.0
21640,112.94,945.0
90214L,112.86,946.0
22360,112.75999999999999,947.0
84559A,112.4,948.0
21983,112.34,949.0
85176,112.34,950.0
20658,112.05,951.0
21823,111.24,952.0
21377,111.11,953.0
21115,110.98,954.0
21537,110.97,955.0
22169,110.96,956.0
21624,110.74,957.0
22427,110.21,958.0
21262,110.2,959.0
21563,109.66,960.0
85049F,109.58,961.0
35471D,109.47,962.0
22583,109.46,963.0
22628,109.24,964.0
21249,109.16,965.0
15034,109.05,966.0
72349B,108.91,967.0
22067,108.87,968.0
21688,108.57000000000001,969.0
22338,108.53,970.0
17091A,108.44,971.0
22072,107.98,972.0
22327,107.94,973.0
85131B,107.7,974.0
21264,107.69,975.0
22378,107.38,976.0
20985,106.75,977.0
22118,106.62,978.0
22756,106.61,979.0
37467,106.44,980.0
22687,106.15,981.0
22035,105.72999999999999,982.0
21528,105.35,983.0
84884A,105.32000000000001,984.0
72799E,105.28,985.0
22480,105.2,986.0
90214N,104.96000000000001,987.0
20767,104.95,988.0
18098C,104.87,989.0
20622,104.60000000000001,990.0
71403,104.27000000000001,991.0
20674,104.22,992.0
21293,104.21000000000001,993.0
22676,104.13,994.0
84670,104.1,995.0
84596E,104.02,996.0
22299,103.56,997.0
70006,103.54,998.0
21989,103.51,999.0
85035B,102.97,1000.0
22245,102.46000000000001,1001.0
22167,102.32000000000001,1002.0
21333,102.28999999999999,1003.0
85135B,102.27,1004.0
20684,102.25999999999999,1005.0
21189,102.17,1006.0
51014L,102.09,1007.0
22450,101.61,1008.0
21363,101.4,1009.0
16012,101.32000000000001,1010.0
21720,100.64,1011.0
21721,100.49,1012.0
85036A,100.17999999999999,1013.0
22337,100.16,1014.0
35924,100.11,1015.0
35095B,100.05,1016.0
46000M,99.75,1017.0
22953,99.31,1018.0
85035A,99.19,1019.0
47590B,99.02,1020.0
22191,98.83,1021.0
22366,98.38,1022.0
21491,98.28,1023.0
84596F,98.05,1024.0
21354,97.89,1025.0
20760,97.57,1026.0
84569B,97.43,1027.0
35970,97.18,1028.0
85230B,97.09,1029.0
22494,97.03999999999999,1030.0
51008,97.01,1031.0
22509,96.89,1032.0
84944,96.69,1033.0
84558A,96.56,1034.0
21675,96.21,1035.0
21017,96.09,1036.0
84849B,96.05,1037.0
22709,95.85,1038.0
22773,95.62,1039.0
21680,95.23,1040.0
22120,95.21000000000001,1041.0
22491,95.04,1042.0
21070,95.03,1043.0
21781,94.88,1044.0
22166,94.61,1045.0
22642,94.58,1046.0
35958,94.56,1047.0
21820,94.35,1048.0
16011,94.27,1049.0
85017B,94.25,1050.0
21219,94.13,1051.0
85172,93.91,1052.0
21744,93.85,1053.0
22185,93.78,1054.0
85132B,93.71,1055.0
21015,93.53,1056.0
35004G,93.16,1057.0
47599B,93.12,1058.0
82551,92.99,1059.0
22227,92.59,1060.0
21201,92.56,1061.0
90214D,92.55000000000001,1062.0
21806,92.36,1063.0
21735,92.17,1064.0
22424,92.03999999999999,1065.0
20686,92.0,1066.0
21439,91.9,1067.0
17012B,91.8,1068.0
85177,91.71,1069.0
22445,91.58,1070.0
72051S,91.49000000000001,1071.0
84828,91.47,1072.0
22061,91.45,1073.0
22777,91.42,1074.0
82567,91.22,1075.0
21875,91.17,1076.0
22412,91.12,1077.0
82613C,91.07000000000001,1078.0
84840,91.03,1079.0
22046,90.8,1080.0
22181,90.78999999999999,1081.0
21988,90.69999999999999,1082.0
22521,90.35,1083.0
20886,90.25,1084.0
22310,90.24,1085.0
20771,90.23,1086.0
22547,89.66,1087.0
72802A,89.54,1088.0
22545,89.45,1089.0
21224,89.34,1090.0
21375,89.2,1091.0
22034,88.98,1092.0
22361,88.89,1093.0
71143,88.76,1094.0
21812,88.35,1095.0
22497,88.34,1096.0
22321,88.19,1097.0
21078,88.17,1098.0
21917,88.09,1099.0
21464,87.8,1100.0
84849D,87.52,1101.0
22208,87.48,1102.0
21446,87.38,1103.0
85034A,87.34,1104.0
22674,87.07,1105.0
21906,86.94,1106.0
22119,86.74,1107.0
21265,86.66,1108.0
90214G,86.59,1109.0
21774,86.57000000000001,1110.0
22707,86.52,1111.0
21054,86.33,1112.0
21106,86.3,1113.0
35598B,86.17,1114.0
72802B,86.14,1115.0
35965,86.09,1116.0
20669,85.97,1117.0
82001S,85.78999999999999,1118.0
47593B,85.73,1119.0
22260,85.67999999999999,1120.0
22339,85.6,1121.0
21112,85.56,1122.0
22939,85.53,1123.0
84519A,85.25999999999999,1124.0
10133,85.25,1125.0
20770,84.98,1126.0
20766,84.91,1127.0
22822,84.78,1128.0
22349,84.74000000000001,1129.0
22069,84.74,1130.0
21056,84.67999999999999,1131.0
22811,84.66,1132.0
22797,84.65,1133.0
21903,84.6,1134.0
22529,84.19,1135.0
90214V,83.66,1136.0
85017A,83.61,1137.0
22199,83.57,1138.0
72598,83.49,1139.0
84659A,83.48,1140.0
21683,83.37,1141.0
22675,83.35,1142.0
22429,83.3,1143.0
84247E,83.14,1144.0
35953,82.91,1145.0
21158,82.89,1146.0
84993A,82.86,1147.0
72800B,82.75,1148.0
22193,82.72,1149.0
22088,82.7,1150.0
21804,82.53999999999999,1151.0
22449,82.48,1152.0
21564,82.46,1153.0
21867,82.44,1154.0
21644,82.38,1155.0
22964,82.29,1156.0
22985,82.22999999999999,1157.0
22626,82.14,1158.0
22686,82.07,1159.0
22853,81.96000000000001,1160.0
22794,81.74,1161.0
22894,81.71,1162.0
21693,81.66,1163.0
22965,81.58,1164.0
84569D,81.56,1165.0
21002,81.28999999999999,1166.0
22073,81.28999999999999,1167.0
21248,81.09,1168.0
21162,81.02,1169.0
85185B,81.01,1170.0
22671,80.85,1171.0
21059,80.83,1172.0
10125,80.7,1173.0
79302M,80.61,1174.0
35972,80.57,1175.0
22440,80.44,1176.0
21911,80.38,1177.0
21813,80.29,1178.0
22180,80.17,1179.0
22786,80.05,1180.0
22852,80.01,1181.0
21609,79.67,1182.0
21055,79.56,1183.0
21364,79.22,1184.0
84510A,79.15,1185.0
85131C,79.15,1186.0
22459,79.12,1187.0
85136C,79.11,1188.0
21288,78.77,1189.0
22605,78.64,1190.0
85184C,78.56,1191.0
21883,78.52,1192.0
22474,78.46000000000001,1193.0
84750A,78.13,1194.0
21207,78.04,1195.0
21361,78.02,1196.0
22358,77.92999999999999,1197.0
90214F,77.85,1198.0
90013B,77.54,1199.0
22785,77.48,1200.0
90214B,76.89,1201.0
84625A,76.88,1202.0
22081,76.69,1203.0
22520,76.68,1204.0
22044,76.6,1205.0
22026,76.43,1206.0
20761,75.99,1207.0
90214I,75.93,1208.0
20984,75.89,1209.0
22276,75.89,1210.0
21894,75.8,1211.0
21745,75.7,1212.0
22546,75.48,1213.0
22710,75.41,1214.0
84789,74.72,1215.0
21470,74.68,1216.0
84596G,74.37,1217.0
21324,74.29,1218.0
21245,74.24,1219.0
37500,74.15,1220.0
21625,74.09,1221.0
82616B,74.07,1222.0
20716,73.92,1223.0
21651,73.85000000000001,1224.0
C2,73.79,1225.0
22482,72.99,1226.0
22200,72.62,1227.0
21741,72.29,1228.0
62096A,72.25,1229.0
22453,72.19,1230.0
21111,72.1,1231.0
21614,72.01,1232.0
21865,71.96,1233.0
21955,71.88,1234.0
84086C,71.83,1235.0
85040B,71.75,1236.0
37343,71.60000000000001,1237.0
22350,71.45,1238.0
84990,71.36,1239.0
22132,70.98,1240.0
22175,70.68,1241.0
15039,70.46,1242.0
22304,70.41,1243.0
22434,70.39,1244.0
17012A,70.27,1245.0
84499,70.15,1246.0
22523,70.05,1247.0
21715,69.97,1248.0
84913A,69.97,1249.0
21716,69.96,1250.0
21016,69.95,1251.0
20755,69.88,1252.0
22678,69.82,1253.0
20762,69.75,1254.0
22673,69.74,1255.0
21692,69.58,1256.0
21190,69.53999999999999,1257.0
79066K,69.47,1258.0
21719,69.45,1259.0
22400,69.27,1260.0
72130,69.22,1261.0
22025,69.18,1262.0
22458,69.14,1263.0
71038,69.13,1264.0
21627,69.02,1265.0
72815,68.89,1266.0
21706,68.86,1267.0
22068,68.73,1268.0
35967,68.67,1269.0
22278,68.66,1270.0
37501,68.53,1271.0
90214P,68.53,1272.0
22192,68.51,1273.0
21676,68.29,1274.0
85067,68.09,1275.0
35969,68.05,1276.0
46000S,67.98,1277.0
21422,67.92999999999999,1278.0
22477,67.84,1279.0
20772,67.8,1280.0
35971,67.69,1281.0
22168,67.6,1282.0
21171,67.44,1283.0
21110,67.4,1284.0
21472,67.27000000000001,1285.0
21125,67.26,1286.0
17164B,67.18,1287.0
21817,67.17,1288.0
85135C,67.11,1289.0
84581,66.89,1290.0
84969,66.87,1291.0
20866,66.84,1292.0
20777,66.68,1293.0
21738,66.5,1294.0
22443,66.28,1295.0
22543,66.16,1296.0
22318,65.81,1297.0
22515,65.79,1298.0
21656,65.49,1299.0
22821,65.46,1300.0
21062,65.31,1301.0
22425,65.28,1302.0
75013B,65.18,1303.0
20765,65.17,1304.0
85071A,65.16,1305.0
22660,65.12,1306.0
22071,65.03999999999999,1307.0
21613,64.99,1308.0
22769,64.6,1309.0
22277,64.55,1310.0
84912B,64.37,1311.0
84509A,64.3,1312.0
62018,64.28,1313.0
21211,64.15,1314.0
22518,64.11,1315.0
20758,64.02,1316.0
85183B,63.88,1317.0
20998,63.769999999999996,1318.0
17165D,63.55,1319.0
21126,63.53,1320.0
21408,63.51,1321.0
22436,63.48,1322.0
37464,63.23,1323.0
21058,63.08,1324.0
22047,63.08,1325.0
85124C,62.769999999999996,1326.0
22332,62.71,1327.0
21412,62.57,1328.0
22023,62.53,1329.0
22431,62.410000000000004,1330.0
72803A,62.34,1331.0
35001W,62.29,1332.0
85169B,62.260000000000005,1333.0
22613,62.24,1334.0
22070,62.21,1335.0
21617,62.129999999999995,1336.0
22830,62.09,1337.0
22176,61.87,1338.0
85129D,61.86,1339.0
85136A,61.36,1340.0
20734,61.33,1341.0
17084R,61.3,1342.0
22365,61.25,1343.0
22163,61.21,1344.0
85230G,61.21,1345.0
22203,61.099999999999994,1346.0
21534,61.06,1347.0
21220,60.93,1348.0
21447,60.93,1349.0
22091,60.83,1350.0
20764,60.69,1351.0
21202,60.68,1352.0
35653,60.42,1353.0
20950,60.34,1354.0
90214K,60.31,1355.0
22679,60.29,1356.0
21167,60.22,1357.0
22788,60.14,1358.0
22089,60.12,1359.0
22607,59.91,1360.0
90115,59.75,1361.0
22283,59.71,1362.0
20893,59.7,1363.0
90200A,59.67,1364.0
21018,59.66,1365.0
21360,59.589999999999996,1366.0
20768,59.449999999999996,1367.0
22331,59.41,1368.0
22099,59.18,1369.0
84952C,59.03,1370.0
47570B,58.98,1371.0
17021,58.76,1372.0
21221,58.620000000000005,1373.0
22405,58.47,1374.0
85035C,58.44,1375.0
85049H,58.34,1376.0
72128,58.190000000000005,1377.0
22357,58.129999999999995,1378.0
90019A,58.11000000000001,1379.0
20894,57.96,1380.0
16258A,57.86,1381.0
20617,57.78,1382.0
21948,57.76,1383.0
21251,57.7,1384.0
21557,57.68,1385.0
21109,57.36,1386.0
22133,57.22,1387.0
22522,56.98,1388.0
85167B,56.97,1389.0
90200D,56.86,1390.0
21696,56.79,1391.0
35833P,56.79,1392.0
21060,56.769999999999996,1393.0
90200C,56.76,1394.0
22682,56.75,1395.0
84569A,56.75,1396.0
84279P,56.69,1397.0
21629,56.629999999999995,1398.0
21945,56.5,1399.0
22473,56.44,1400.0
85055,56.42,1401.0
84913B,56.33,1402.0
85116,56.33,1403.0
21637,56.260000000000005,1404.0
21294,56.22,1405.0
21944,56.17,1406.0
21051,56.16,1407.0
20702,56.14,1408.0
85032A,55.97,1409.0
21195,55.89,1410.0
21896,55.79,1411.0
84912A,55.77,1412.0
21064,55.76,1413.0
22643,55.74,1414.0
21358,55.71,1415.0
21039,55.7,1416.0
17129F,55.33,1417.0
21397,55.29,1418.0
85034B,55.27,1419.0
84051,55.04,1420.0
22076,55.010000000000005,1421.0
37495,54.91,1422.0
85230F,54.85,1423.0
21145,54.769999999999996,1424.0
21576,54.69,1425.0
22499,54.550000000000004,1426.0
90087,54.53,1427.0
21159,54.47,1428.0
21374,54.39,1429.0
20615,54.33,1430.0
21530,54.13,1431.0
35968,54.1,1432.0
21371,53.9,1433.0
22478,53.86,1434.0
16225,53.85,1435.0
84686,53.84,1436.0
22472,53.75,1437.0
10120,53.45,1438.0
37448,53.339999999999996,1439.0
22763,53.230000000000004,1440.0
47480,53.21,1441.0
21846,53.08,1442.0
22591,52.86,1443.0
22903,52.46,1444.0
85232D,52.43,1445.0
22210,52.42,1446.0
84012,52.24,1447.0
22432,52.239999999999995,1448.0
22514,52.22,1449.0
20931,52.07,1450.0
22202,52.02,1451.0
21471,51.98,1452.0
22926,51.96,1453.0
21657,51.94,1454.0
20655,51.89,1455.0
21581,51.88,1456.0
22495,51.86,1457.0
85230E,51.85,1458.0
21638,51.83,1459.0
22647,51.73,1460.0
21132,51.620000000000005,1461.0
72799C,51.53,1462.0
35832,51.269999999999996,1463.0
22315,51.13,1464.0
20773,51.1,1465.0
85129C,51.09,1466.0
35923,51.019999999999996,1467.0
22915,50.96,1468.0
21061,50.92,1469.0
20854,50.9,1470.0
21723,50.85,1471.0
85216,50.769999999999996,1472.0
21827,50.65,1473.0
85230A,50.65,1474.0
21205,50.61,1475.0
22914,50.45,1476.0
16254,50.44,1477.0
16014,50.31,1478.0
21389,50.3,1479.0
84519B,50.15,1480.0
18098c,49.769999999999996,1481.0
22513,49.71,1482.0
90104,49.64,1483.0
21987,49.56,1484.0
22246,49.33,1485.0
22094,49.11,1486.0
21188,49.1,1487.0
21904,49.06,1488.0
84683,48.74,1489.0
22096,48.69,1490.0
21100,48.68,1491.0
22684,48.56,1492.0
21222,48.3,1493.0
21462,48.26,1494.0
21724,48.25,1495.0
21209,48.099999999999994,1496.0
79190B,47.98,1497.0
22960,47.84,1498.0
84270,47.83,1499.0
17107D,47.81,1500.0
21694,47.68,1501.0
22621,47.67,1502.0
35095A,47.519999999999996,1503.0
21690,47.47,1504.0
21469,47.44,1505.0
20867,47.43,1506.0
16033,47.36,1507.0
22519,47.35,1508.0
22972,47.34,1509.0
85071B,47.3,1510.0
22098,47.19,1511.0
21401,47.17,1512.0
21746,47.11,1513.0
21027,47.050000000000004,1514.0
22052,47.03,1515.0
21836,47.019999999999996,1516.0
21682,46.97,1517.0
21707,46.84,1518.0
90114,46.84,1519.0
84251G,46.83,1520.0
84968C,46.83,1521.0
21942,46.79,1522.0
21616,46.78,1523.0
85039C,46.67,1524.0
22134,46.52,1525.0
84508A,46.37,1526.0
21936,46.32,1527.0
22433,46.230000000000004,1528.0
85016,46.13,1529.0
20780,45.93,1530.0
84952B,45.83,1531.0
21448,45.81,1532.0
90094,45.79,1533.0
84596L,45.75,1534.0
85215,45.66,1535.0
35241,45.64,1536.0
20795,45.629999999999995,1537.0
22762,45.57,1538.0
35991,45.53,1539.0
21681,45.51,1540.0
21427,45.47,1541.0
16169C,45.41,1542.0
22115,45.41,1543.0
20748,45.37,1544.0
84849A,45.23,1545.0
84923,45.2,1546.0
72801G,45.19,1547.0
20903,45.17999999999999,1548.0
22610,45.14,1549.0
20958,45.06,1550.0
21123,44.910000000000004,1551.0
20671,44.86,1552.0
21822,44.79,1553.0
21467,44.74,1554.0
21821,44.699999999999996,1555.0
22475,44.66,1556.0
22364,44.64,1557.0
85015,44.59,1558.0
22611,44.57,1559.0
22479,44.46,1560.0
22962,44.37,1561.0
21025,44.34,1562.0
75131,44.33,1563.0
20778,44.28,1564.0
21710,44.28,1565.0
21200,44.260000000000005,1566.0
22377,44.19,1567.0
21653,44.089999999999996,1568.0
84459A,44.06,1569.0
21289,44.03,1570.0
22703,43.96,1571.0
21283,43.95,1572.0
82605,43.89,1573.0
22526,43.879999999999995,1574.0
84247G,43.85,1575.0
22677,43.79,1576.0
79190A,43.730000000000004,1577.0
21650,43.7,1578.0
21686,43.69,1579.0
17012F,43.52,1580.0
22343,43.519999999999996,1581.0
21311,43.36,1582.0
22448,43.33,1583.0
22799,43.3,1584.0
22476,43.1,1585.0
47504K,43.089999999999996,1586.0
62096B,43.089999999999996,1587.0
90210B,43.03,1588.0
22701,43.019999999999996,1589.0
22430,42.94,1590.0
82616C,42.88,1591.0
79191B,42.81,1592.0
35271S,42.76,1593.0
21157,42.730000000000004,1594.0
21725,42.620000000000005,1595.0
72122,42.589999999999996,1596.0
22184,42.51,1597.0
21357,42.48,1598.0
21695,42.43,1599.0
22764,42.4,1600.0
22117,42.29,1601.0
85008,42.18,1602.0
85019C,42.160000000000004,1603.0
22683,42.15,1604.0
40001,42.14,1605.0
20757,42.12,1606.0
85173,42.1,1607.0
85054,42.03,1608.0
22309,41.88,1609.0
21287,41.87,1610.0
21590,41.87,1611.0
20759,41.75,1612.0
85123a,41.730000000000004,1613.0
46776B,41.58,1614.0
37342,41.17,1615.0
72349b,40.99,1616.0
20756,40.96,1617.0
20832,40.96,1618.0
21279,40.72,1619.0
84821,40.7,1620.0
22922,40.6,1621.0
22428,40.53,1622.0
84876D,40.519999999999996,1623.0
20662,40.48,1624.0
22409,40.47,1625.0
21628,40.45,1626.0
84865,40.44,1627.0
85025C,40.29,1628.0
18094C,40.269999999999996,1629.0
21547,40.22,1630.0
22878,40.1,1631.0
79160,40.1,1632.0
85049a,40.06,1633.0
21268,39.93,1634.0
17012C,39.9,1635.0
84997b,39.88,1636.0
22340,39.879999999999995,1637.0
90040A,39.44,1638.0
84199,39.300000000000004,1639.0
20774,39.13,1640.0
79191C,38.95,1641.0
20856,38.93,1642.0
21204,38.88,1643.0
22820,38.79,1644.0
21030,38.78999999999999,1645.0
90192,38.76,1646.0
21947,38.74,1647.0
79190D,38.71,1648.0
21580,38.660000000000004,1649.0
16206B,38.57,1650.0
22341,38.48,1651.0
22403,38.46,1652.0
82494l,38.46,1653.0
72586,38.4,1654.0
84963A,38.36,1655.0
84673B,38.34,1656.0
22043,38.26,1657.0
16008,38.22,1658.0
35833G,38.21,1659.0
85129B,38.21,1660.0
22504,38.13,1661.0
22973,37.93,1662.0
22324,37.870000000000005,1663.0
84993B,37.870000000000005,1664.0
47469,37.86,1665.0
82615,37.84,1666.0
72140F,37.79,1667.0
21026,37.769999999999996,1668.0
72800D,37.76,1669.0
85049e,37.76,1670.0
21937,37.71,1671.0
21144,37.7,1672.0
21718,37.65,1673.0
84678,37.519999999999996,1674.0
22702,37.45,1675.0
21373,37.29,1676.0
79163,37.29,1677.0
84926F,37.29,1678.0
85159B,37.29,1679.0
21711,37.269999999999996,1680.0
47591d,37.26,1681.0
22950,37.25,1682.0
21878,37.24,1683.0
16216,37.08,1684.0
22236,36.8,1685.0
21038,36.78,1686.0
22307,36.76,1687.0
17012D,36.74,1688.0
79030G,36.68,1689.0
22057,36.54,1690.0
22402,36.45,1691.0
22426,36.32,1692.0
21714,36.3,1693.0
22319,36.239999999999995,1694.0
85127,36.17,1695.0
20769,36.14,1696.0
21768,36.14,1697.0
21784,36.12,1698.0
22211,36.11,1699.0
35001G,35.949999999999996,1700.0
84313B,35.89,1701.0
37444C,35.87,1702.0
84910A,35.839999999999996,1703.0
90214O,35.8,1704.0
22680,35.78,1705.0
21263,35.62,1706.0
84985A,35.54,1707.0
84750B,35.53,1708.0
20803,35.51,1709.0
22510,35.5,1710.0
20868,35.42,1711.0
90082D,35.36,1712.0
84509B,35.33,1713.0
22262,35.29,1714.0
90062,35.2,1715.0
22685,35.13,1716.0
21066,35.04,1717.0
22538,35.03,1718.0
78124,35.0,1719.0
22308,34.97,1720.0
84674,34.9,1721.0
20659,34.83,1722.0
21773,34.72,1723.0
21468,34.71,1724.0
22831,34.68,1725.0
84360,34.57,1726.0
21913,34.5,1727.0
85232A,34.36,1728.0
85130D,34.34,1729.0
47594A,34.33,1730.0
20619,34.31,1731.0
22974,34.22,1732.0
21393,34.15,1733.0
90129F,34.13,1734.0
22700,34.08,1735.0
21208,34.04,1736.0
21031,34.02,1737.0
20902,33.92,1738.0
21618,33.92,1739.0
85099f,33.86,1740.0
85130B,33.660000000000004,1741.0
22511,33.62,1742.0
20616,33.61,1743.0
22485,33.55,1744.0
84817,33.5,1745.0
22085,33.45,1746.0
22681,33.33,1747.0
21579,33.18,1748.0
22415,33.08,1749.0
22761,33.05,1750.0
22528,33.0,1751.0
84924A,32.95,1752.0
21709,32.949999999999996,1753.0
20654,32.91,1754.0
20775,32.89,1755.0
22641,32.86,1756.0
16218,32.75,1757.0
22471,32.730000000000004,1758.0
20802,32.58,1759.0
21722,32.54,1760.0
51020B,32.53,1761.0
85106,32.53,1762.0
79026B,32.52,1763.0
20782,32.35,1764.0
20652,32.27,1765.0
22282,32.23,1766.0
84826,32.160000000000004,1767.0
21626,32.15,1768.0
20661,32.08,1769.0
20699,32.03,1770.0
22918,32.03,1771.0
46000R,32.01,1772.0
22063,31.970000000000002,1773.0
21465,31.92,1774.0
90214Z,31.89,1775.0
22359,31.88,1776.0
22222,31.8,1777.0
84658,31.8,1778.0
21253,31.740000000000002,1779.0
90161C,31.72,1780.0
21619,31.700000000000003,1781.0
85025B,31.689999999999998,1782.0
84562A,31.64,1783.0
85053,31.62,1784.0
90085,31.52,1785.0
84247L,31.5,1786.0
20618,31.45,1787.0
85203,31.38,1788.0
85214,31.38,1789.0
21292,31.3,1790.0
22920,31.229999999999997,1791.0
85036B,31.15,1792.0
90002D,31.14,1793.0
22217,31.1,1794.0
22638,31.09,1795.0
17090A,31.009999999999998,1796.0
22322,30.99,1797.0
22976,30.96,1798.0
37476,30.95,1799.0
15056bl,30.9,1800.0
21713,30.86,1801.0
37333,30.740000000000002,1802.0
72800C,30.72,1803.0
84596J,30.72,1804.0
79144B,30.689999999999998,1805.0
21282,30.68,1806.0
85078,30.61,1807.0
21306,30.59,1808.0
84920,30.56,1809.0
21286,30.53,1810.0
22093,30.53,1811.0
22108,30.53,1812.0
90209B,30.47,1813.0
84970s,30.380000000000003,1814.0
20846,30.33,1815.0
85111,30.33,1816.0
21246,30.310000000000002,1817.0
21949,30.299999999999997,1818.0
16168M,30.259999999999998,1819.0
16161M,30.18,1820.0
72814,30.169999999999998,1821.0
22916,30.02,1822.0
85170B,29.95,1823.0
21647,29.92,1824.0
20830,29.9,1825.0
21028,29.84,1826.0
85202,29.73,1827.0
84870C,29.67,1828.0
20897,29.66,1829.0
22500,29.66,1830.0
17038,29.6,1831.0
22410,29.5,1832.0
90184C,29.29,1833.0
21415,29.25,1834.0
16016,29.16,1835.0
21194,29.029999999999998,1836.0
72819,28.990000000000002,1837.0
90195B,28.9,1838.0
22097,28.86,1839.0
90013C,28.810000000000002,1840.0
85146,28.79,1841.0
37461,28.73,1842.0
21662,28.64,1843.0
22559,28.630000000000003,1844.0
21441,28.62,1845.0
21769,28.61,1846.0
21775,28.560000000000002,1847.0
84563A,28.560000000000002,1848.0
90161B,28.55,1849.0
22640,28.47,1850.0
22127,28.34,1851.0
85034C,28.31,1852.0
22074,28.229999999999997,1853.0
85059,28.22,1854.0
21206,28.17,1855.0
22334,28.14,1856.0
22516,28.11,1857.0
85170D,28.1,1858.0
84509G,28.020000000000003,1859.0
22100,28.01,1860.0
21417,27.94,1861.0
85014a,27.93,1862.0
22806,27.89,1863.0
20738,27.880000000000003,1864.0
22921,27.82,1865.0
35607A,27.82,1866.0
21708,27.799999999999997,1867.0
84970l,27.740000000000002,1868.0
21520,27.74,1869.0
20980,27.71,1870.0
21399,27.71,1871.0
37444B,27.7,1872.0
90116,27.69,1873.0
22802,27.64,1874.0
84725,27.6,1875.0
85130A,27.56,1876.0
84509c,27.47,1877.0
17012E,27.46,1878.0
16048,27.45,1879.0
17096,27.4,1880.0
85103,27.3,1881.0
84459B,27.21,1882.0
22917,27.19,1883.0
20960,27.17,1884.0
84916,27.15,1885.0
40003,27.119999999999997,1886.0
21645,27.09,1887.0
22783,26.98,1888.0
90195A,26.939999999999998,1889.0
90019C,26.87,1890.0
21933,26.86,1891.0
22481,26.79,1892.0
90185D,26.79,1893.0
46776F,26.700000000000003,1894.0
90096,26.660000000000004,1895.0
85104,26.62,1896.0
85096,26.619999999999997,1897.0
10123G,26.6,1898.0
85125,26.6,1899.0
90147,26.59,1900.0
20657,26.529999999999998,1901.0
90129A,26.52,1902.0
21392,26.490000000000002,1903.0
20653,26.4,1904.0
22194,26.4,1905.0
22362,26.39,1906.0
47310M,26.38,1907.0
85185D,26.38,1908.0
85107,26.24,1909.0
72008,26.22,1910.0
21442,26.21,1911.0
90134,26.16,1912.0
47594B,26.080000000000002,1913.0
37474,26.03,1914.0
20857,26.02,1915.0
79071B,26.02,1916.0
85208,25.98,1917.0
21383,25.86,1918.0
84997c,25.82,1919.0
22220,25.81,1920.0
48173c,25.79,1921.0
22913,25.75,1922.0
22128,25.67,1923.0
84744,25.630000000000003,1924.0
21317,25.490000000000002,1925.0
21880,25.490000000000002,1926.0
22912,25.369999999999997,1927.0
84509E,25.310000000000002,1928.0
21620,25.189999999999998,1929.0
16015,25.12,1930.0
47013A,25.04,1931.0
84592,24.98,1932.0
84819,24.88,1933.0
22066,24.71,1934.0
84818,24.67,1935.0
20707,24.65,1936.0
84968D,24.630000000000003,1937.0
22541,24.63,1938.0
21413,24.59,1939.0
72131,24.57,1940.0
10134,24.55,1941.0
21445,24.509999999999998,1942.0
84968A,24.47,1943.0
90185B,24.45,1944.0
21250,24.43,1945.0
22927,24.36,1946.0
85063,24.35,1947.0
84563B,24.3,1948.0
47593A,24.11,1949.0
90200E,24.080000000000002,1950.0
21307,24.05,1951.0
72801D,24.05,1952.0
84846A,24.02,1953.0
90210A,24.019999999999996,1954.0
84508B,24.0,1955.0
85124B,24.0,1956.0
44234,23.89,1957.0
21742,23.86,1958.0
72780,23.77,1959.0
22975,23.73,1960.0
21367,23.72,1961.0
90042C,23.7,1962.0
90120C,23.68,1963.0
37444A,23.66,1964.0
84247C,23.65,1965.0
90010B,23.61,1966.0
85183A,23.55,1967.0
90129B,23.520000000000003,1968.0
22414,23.48,1969.0
22136,23.45,1970.0
84843,23.45,1971.0
21851,23.44,1972.0
90186A,23.34,1973.0
21841,23.330000000000002,1974.0
84584,23.330000000000002,1975.0
22496,23.31,1976.0
47504H,23.12,1977.0
22396,23.009999999999998,1978.0
85135A,23.009999999999998,1979.0
21281,22.97,1980.0
35645,22.96,1981.0
84968F,22.93,1982.0
21376,22.91,1983.0
90198B,22.91,1984.0
85186A,22.86,1985.0
90180A,22.85,1986.0
22438,22.84,1987.0
85039a,22.84,1988.0
84870B,22.78,1989.0
15044C,22.77,1990.0
84915,22.77,1991.0
21318,22.75,1992.0
21664,22.71,1993.0
84596e,22.71,1994.0
84931A,22.71,1995.0
21895,22.6,1996.0
21378,22.59,1997.0
90206C,22.58,1998.0
90185C,22.55,1999.0
21090,22.54,2000.0
21400,22.509999999999998,2001.0
84799,22.490000000000002,2002.0
21398,22.48,2003.0
79403,22.42,2004.0
46776A,22.380000000000003,2005.0
90173,22.37,2006.0
21129,22.35,2007.0
84773,22.299999999999997,2008.0
21402,22.259999999999998,2009.0
21932,22.23,2010.0
47503A,22.16,2011.0
21849,22.099999999999998,2012.0
21319,22.07,2013.0
15056p,22.03,2014.0
71279,22.03,2015.0
84877D,21.97,2016.0
84952A,21.97,2017.0
21228,21.96,2018.0
21555,21.77,2019.0
21678,21.740000000000002,2020.0
20821,21.67,2021.0
21382,21.67,2022.0
35609A,21.560000000000002,2023.0
21065,21.509999999999998,2024.0
84429A,21.48,2025.0
22124,21.47,2026.0
21426,21.45,2027.0
22106,21.42,2028.0
20763,21.4,2029.0
22919,21.4,2030.0
71270,21.37,2031.0
21128,21.3,2032.0
21391,21.26,2033.0
21278,21.23,2034.0
21275,21.18,2035.0
21634,21.17,2036.0
47343A,21.17,2037.0
48189,21.11,2038.0
17109D,21.08,2039.0
47559b,21.07,2040.0
84898F,21.060000000000002,2041.0
90200B,20.96,2042.0
21043,20.93,2043.0
85032C,20.91,2044.0
85159A,20.91,2045.0
35810B,20.85,2046.0
22101,20.84,2047.0
84795B,20.82,2048.0
21684,20.810000000000002,2049.0
90036F,20.810000000000002,2050.0
22827,20.8,2051.0
85226C,20.759999999999998,2052.0
84922,20.72,2053.0
84509C,20.689999999999998,2054.0
85204,20.63,2055.0
84926E,20.61,2056.0
46138B,20.6,2057.0
71510,20.6,2058.0
72811,20.6,2059.0
84967B,20.6,2060.0
72132,20.47,2061.0
20936,20.45,2062.0
84917,20.45,2063.0
84709B,20.37,2064.0
90145,20.34,2065.0
90208,20.32,2066.0
10123C,20.28,2067.0
81952V,20.19,2068.0
21197,20.15,2069.0
35916C,20.12,2070.0
22354,20.08,2071.0
90099,20.060000000000002,2072.0
84569C,20.05,2073.0
90013A,20.05,2074.0
21882,19.98,2075.0
21032,19.95,2076.0
84877B,19.9,2077.0
47021G,19.79,2078.0
84927F,19.73,2079.0
85024C,19.72,2080.0
16219,19.7,2081.0
21365,19.58,2082.0
21873,19.57,2083.0
84827,19.57,2084.0
90143,19.56,2085.0
22503,19.55,2086.0
90071,19.55,2087.0
47503H,19.54,2088.0
90184B,19.52,2089.0
21403,19.36,2090.0
84881,19.22,2091.0
15044B,19.15,2092.0
16046,19.119999999999997,2093.0
46775D,19.06,2094.0
85071D,19.020000000000003,2095.0
85036C,18.94,2096.0
90093,18.85,2097.0
20898,18.82,2098.0
85014b,18.82,2099.0
21739,18.79,2100.0
21610,18.75,2101.0
77101A,18.74,2102.0
46776C,18.67,2103.0
84872a,18.64,2104.0
84931B,18.63,2105.0
90018B,18.6,2106.0
72127,18.58,2107.0
90190C,18.57,2108.0
84356,18.52,2109.0
79192A,18.49,2110.0
90059E,18.48,2111.0
21316,18.47,2112.0
84507C,18.46,2113.0
85027L,18.439999999999998,2114.0
85212,18.439999999999998,2115.0
85169D,18.43,2116.0
84660C,18.42,2117.0
90175A,18.42,2118.0
22691,18.41,2119.0
85179A,18.41,2120.0
84989A,18.36,2121.0
84874B,18.3,2122.0
72351a,18.26,2123.0
21717,18.25,2124.0
84707B,18.24,2125.0
84507B,18.169999999999998,2126.0
84559a,18.169999999999998,2127.0
85071C,18.16,2128.0
72133,18.14,2129.0
46126A,18.13,2130.0
90036D,18.11,2131.0
20781,18.09,2132.0
84760S,18.09,2133.0
37482P,18.07,2134.0
90040B,18.060000000000002,2135.0
90059A,18.02,2136.0
21518,18.01,2137.0
90199B,18.009999999999998,2138.0
35240,17.89,2139.0
79030D,17.84,2140.0
15056n,17.8,2141.0
84192,17.759999999999998,2142.0
85206A,17.69,2143.0
35648,17.689999999999998,2144.0
85211,17.64,2145.0
20705,17.6,2146.0
85020,17.58,2147.0
20892,17.57,2148.0
20934,17.52,2149.0
84929,17.5,2150.0
90003C,17.369999999999997,2151.0
21661,17.36,2152.0
17090D,17.3,2153.0
82613A,17.3,2154.0
84313C,17.26,2155.0
84766,17.23,2156.0
72801C,17.22,2157.0
47420,17.189999999999998,2158.0
90130B,17.17,2159.0
84877A,17.150000000000002,2160.0
85017C,17.15,2161.0
20831,17.11,2162.0
20701,17.08,2163.0
20796,17.08,2164.0
85086A,17.08,2165.0
90042A,17.08,2166.0
71406C,17.009999999999998,2167.0
21789,16.970000000000002,2168.0
20932,16.97,2169.0
35637A,16.96,2170.0
79191D,16.95,2171.0
84247N,16.94,2172.0
84613C,16.91,2173.0
85126,16.91,2174.0
21432,16.89,2175.0
90201D,16.880000000000003,2176.0
47471,16.87,2177.0
17136A,16.8,2178.0
72134,16.79,2179.0
85031A,16.78,2180.0
21879,16.759999999999998,2181.0
21973,16.75,2182.0
37475,16.73,2183.0
90014A,16.69,2184.0
21424,16.68,2185.0
84596K,16.66,2186.0
84510C,16.65,2187.0
35471A,16.64,2188.0
22963,16.62,2189.0
21359,16.58,2190.0
21274,16.54,2191.0
20695,16.47,2192.0
21922,16.45,2193.0
21905,16.44,2194.0
84663A,16.36,2195.0
15044A,16.29,2196.0
22442,16.27,2197.0
21269,16.25,2198.0
51020A,16.22,2199.0
84925F,16.22,2200.0
90198A,16.21,2201.0
22512,16.14,2202.0
22609,16.07,2203.0
20935,16.02,2204.0
22231,16.0,2205.0
22961,15.879999999999999,2206.0
22261,15.84,2207.0
20957,15.83,2208.0
84884a,15.82,2209.0
21366,15.780000000000001,2210.0
90209C,15.780000000000001,2211.0
21410,15.71,2212.0
90028,15.709999999999999,2213.0
22209,15.68,2214.0
84856L,15.64,2215.0
90177D,15.61,2216.0
84228,15.59,2217.0
21726,15.58,2218.0
90000D,15.57,2219.0
84510a,15.54,2220.0
47422,15.530000000000001,2221.0
85213,15.5,2222.0
16052,15.35,2223.0
84997d,15.33,2224.0
21418,15.29,2225.0
22416,15.29,2226.0
22925,15.26,2227.0
85187,15.209999999999999,2228.0
84637,15.16,2229.0
20839,15.09,2230.0
90212B,15.09,2231.0
84975,15.06,2232.0
84926A,15.03,2233.0
20696,14.96,2234.0
85169C,14.96,2235.0
20910,14.95,2236.0
84661B,14.95,2237.0
90018A,14.95,2238.0
84908B,14.91,2239.0
90082A,14.91,2240.0
22808,14.89,2241.0
90177C,14.799999999999999,2242.0
20697,14.79,2243.0
90019B,14.75,2244.0
20952,14.73,2245.0
21635,14.719999999999999,2246.0
84614A,14.7,2247.0
90161D,14.66,2248.0
90188,14.64,2249.0
90161A,14.63,2250.0
84989a,14.620000000000001,2251.0
21538,14.57,2252.0
84673A,14.549999999999999,2253.0
84813,14.54,2254.0
BANK CHARGES,14.51,2255.0
21277,14.5,2256.0
90082B,14.479999999999999,2257.0
90158,14.469999999999999,2258.0
90120B,14.46,2259.0
22596,14.4,2260.0
90122C,14.3,2261.0
90129E,14.280000000000001,2262.0
47585A,14.27,2263.0
90146,14.22,2264.0
84497,14.190000000000001,2265.0
82011B,14.19,2266.0
84927A,14.18,2267.0
47578A,14.16,2268.0
22325,14.14,2269.0
84847,14.14,2270.0
20663,14.11,2271.0
90005A,14.07,2272.0
21330,14.04,2273.0
17013D,14.02,2274.0
85136B,14.01,2275.0
47566b,14.0,2276.0
46115B,13.95,2277.0
84715,13.92,2278.0
90175C,13.91,2279.0
79051A,13.82,2280.0
84688,13.79,2281.0
85119,13.79,2282.0
90010A,13.74,2283.0
85144,13.71,2284.0
21331,13.670000000000002,2285.0
71495A,13.66,2286.0
85031C,13.65,2287.0
22977,13.63,2288.0
20666,13.629999999999999,2289.0
85019A,13.629999999999999,2290.0
90059C,13.62,2291.0
20704,13.61,2292.0
84559D,13.61,2293.0
71495B,13.6,2294.0
21667,13.53,2295.0
84631,13.51,2296.0
84508C,13.489999999999998,2297.0
84899F,13.46,2298.0
21666,13.45,2299.0
15044D,13.43,2300.0
90199C,13.42,2301.0
46776E,13.4,2302.0
90184A,13.37,2303.0
20906,13.35,2304.0
20861,13.280000000000001,2305.0
90165B,13.25,2306.0
85130C,13.23,2307.0
90098,13.22,2308.0
37509,13.219999999999999,2309.0
90022,13.219999999999999,2310.0
46000P,13.17,2311.0
90129C,13.17,2312.0
90124A,13.15,2313.0
72798C,13.120000000000001,2314.0
21749,13.11,2315.0
85006,13.09,2316.0
90101,13.07,2317.0
84609,13.06,2318.0
62094B,13.04,2319.0
22517,13.030000000000001,2320.0
90090,12.959999999999999,2321.0
90054,12.9,2322.0
16049,12.870000000000001,2323.0
17011F,12.86,2324.0
90040C,12.8,2325.0
20731,12.75,2326.0
84809A,12.7,2327.0
84510c,12.66,2328.0
85087,12.620000000000001,2329.0
85026B,12.6,2330.0
84708B,12.55,2331.0
16169N,12.54,2332.0
46118,12.53,2333.0
47586A,12.510000000000002,2334.0
84660c,12.48,2335.0
85170C,12.48,2336.0
17001,12.469999999999999,2337.0
22342,12.430000000000001,2338.0
90185A,12.42,2339.0
84422,12.39,2340.0
90081C,12.39,2341.0
22251,12.35,2342.0
35809A,12.280000000000001,2343.0
90201B,12.1,2344.0
84358,11.86,2345.0
22770,11.84,2346.0
90039D,11.829999999999998,2347.0
90081A,11.829999999999998,2348.0
DCGS0076,11.829999999999998,2349.0
37479B,11.64,2350.0
22924,11.61,2351.0
22269,11.559999999999999,2352.0
22345,11.52,2353.0
90204,11.48,2354.0
84531A,11.44,2355.0
84531B,11.44,2356.0
21372,11.43,2357.0
22655,11.41,2358.0
90014B,11.4,2359.0
37462E,11.38,2360.0
22305,11.379999999999999,2361.0
22092,11.33,2362.0
72800F,11.299999999999999,2363.0
21040,11.239999999999998,2364.0
37489A,11.239999999999998,2365.0
44235,11.23,2366.0
90033,11.12,2367.0
85194S,11.06,2368.0
90122B,11.06,2369.0
22461,11.04,2370.0
84806B,11.01,2371.0
90191,10.99,2372.0
90035A,10.95,2373.0
47503J,10.89,2374.0
82095,10.89,2375.0
84820,10.89,2376.0
84600,10.879999999999999,2377.0
85166B,10.82,2378.0
17191A,10.77,2379.0
90120D,10.76,2380.0
84984D,10.75,2381.0
90032,10.74,2382.0
21280,10.73,2383.0
84247K,10.72,2384.0
84925D,10.72,2385.0
84526,10.68,2386.0
90128A,10.66,2387.0
90036E,10.629999999999999,2388.0
85163A,10.61,2389.0
84858C,10.59,2390.0
84620,10.57,2391.0
85180A,10.530000000000001,2392.0
79337,10.53,2393.0
84539,10.51,2394.0
84951A,10.51,2395.0
84968E,10.48,2396.0
72801d,10.47,2397.0
72140E,10.46,2398.0
22954,10.440000000000001,2399.0
21420,10.44,2400.0
84638,10.41,2401.0
85194L,10.4,2402.0
84927E,10.38,2403.0
22833,10.35,2404.0
90122A,10.34,2405.0
72807c,10.33,2406.0
21370,10.32,2407.0
35610A,10.309999999999999,2408.0
90089,10.309999999999999,2409.0
15058B,10.3,2410.0
47574B,10.26,2411.0
21386,10.25,2412.0
90201C,10.23,2413.0
84875A,10.22,2414.0
84687,10.13,2415.0
85032B,10.13,2416.0
22104,10.04,2417.0
85023B,10.03,2418.0
90036A,10.02,2419.0
71101E,9.99,2420.0
47421,9.96,2421.0
90003E,9.96,2422.0
85088,9.95,2423.0
21082,9.89,2424.0
21425,9.89,2425.0
37491A,9.89,2426.0
84976,9.89,2427.0
90059D,9.89,2428.0
90138,9.89,2429.0
90177E,9.89,2430.0
90194,9.89,2431.0
20703,9.88,2432.0
46776D,9.82,2433.0
90199A,9.77,2434.0
21825,9.76,2435.0
22825,9.75,2436.0
71215,9.71,2437.0
90120A,9.71,2438.0
90124B,9.71,2439.0
90166,9.71,2440.0
84926D,9.64,2441.0
21654,9.6,2442.0
35916B,9.6,2443.0
90003B,9.56,2444.0
90125D,9.48,2445.0
21636,9.43,2446.0
90178A,9.43,2447.0
10124A,9.4,2448.0
17084J,9.280000000000001,2449.0
90000B,9.21,2450.0
22923,9.120000000000001,2451.0
47481,9.1,2452.0
21689,9.09,2453.0
84712B,9.04,2454.0
90211B,9.02,2455.0
90130C,8.99,2456.0
84558a,8.95,2457.0
84927D,8.88,2458.0
84665,8.85,2459.0
35914,8.8,2460.0
90118,8.79,2461.0
47574A,8.76,2462.0
90073,8.73,2463.0
20869,8.7,2464.0
22832,8.7,2465.0
21794,8.68,2466.0
90023,8.63,2467.0
20794,8.61,2468.0
84803A,8.59,2469.0
90129D,8.47,2470.0
35610B,8.36,2471.0
90181B,8.25,2472.0
90211A,8.25,2473.0
20801,8.21,2474.0
20851,8.129999999999999,2475.0
21344,8.129999999999999,2476.0
35912B,8.129999999999999,2477.0
84251C,8.129999999999999,2478.0
84882,8.129999999999999,2479.0
90088,8.129999999999999,2480.0
90175D,7.99,2481.0
35951,7.82,2482.0
47369B,7.8,2483.0
47579,7.8,2484.0
84597C,7.8,2485.0
84921,7.8,2486.0
90162B,7.8,2487.0
90162D,7.8,2488.0
90167,7.8,2489.0
21416,7.77,2490.0
21615,7.77,2491.0
22201,7.77,2492.0
22254,7.77,2493.0
22885,7.77,2494.0
85180B,7.77,2495.0
90030B,7.77,2496.0
90174,7.77,2497.0
22829,7.74,2498.0
21455,7.710000000000001,2499.0
35966,7.710000000000001,2500.0
72821,7.710000000000001,2501.0
84689,7.699999999999999,2502.0
84748,7.699999999999999,2503.0
22870,7.58,2504.0
21084,7.53,2505.0
35633B,7.53,2506.0
90155,7.53,2507.0
17084A,7.52,2508.0
21473,7.52,2509.0
84751B,7.52,2510.0
90199D,7.52,2511.0
16053,7.42,2512.0
16259,7.42,2513.0
84549,7.42,2514.0
84576,7.42,2515.0
84660B,7.42,2516.0
84875D,7.42,2517.0
85141,7.41,2518.0
85047,7.369999999999999,2519.0
90137,7.369999999999999,2520.0
20694,7.35,2521.0
84951B,7.35,2522.0
85044,7.35,2523.0
84251B,7.300000000000001,2524.0
84796B,7.28,2525.0
90072,7.28,2526.0
90197B,7.28,2527.0
90201A,7.26,2528.0
16020C,7.25,2529.0
47589,7.25,2530.0
90156,7.25,2531.0
22869,7.24,2532.0
21095,7.18,2533.0
22882,7.18,2534.0
84905,7.18,2535.0
90014C,7.18,2536.0
90060F,7.18,2537.0
90196B,7.18,2538.0
21004,7.17,2539.0
21350,7.17,2540.0
72750B,7.17,2541.0
75178,7.17,2542.0
84859C,7.17,2543.0
84993a,7.17,2544.0
90157,7.17,2545.0
90202D,7.17,2546.0
22408,7.16,2547.0
84800L,7.16,2548.0
90108,7.140000000000001,2549.0
84595E,7.130000000000001,2550.0
21633,7.1,2551.0
22285,7.1,2552.0
84801B,7.1,2553.0
84816,7.1,2554.0
85098B,7.1,2555.0
90000A,7.0600000000000005,2556.0
21146,6.99,2557.0
85232b,6.99,2558.0
90130A,6.99,2559.0
84984C,6.9,2560.0
35932,6.89,2561.0
21631,6.88,2562.0
84711B,6.88,2563.0
85161,6.88,2564.0
46000U,6.87,2565.0
84908A,6.87,2566.0
90036C,6.87,2567.0
20823,6.8100000000000005,2568.0
21131,6.8100000000000005,2569.0
47013C,6.8100000000000005,2570.0
21199,6.77,2571.0
37491D,6.77,2572.0
DCGS0003,6.77,2573.0
85186C,6.76,2574.0
35911A,6.73,2575.0
85163B,6.73,2576.0
35637C,6.7,2577.0
84842,6.67,2578.0
21337,6.66,2579.0
22390,6.619999999999999,2580.0
84575A,6.55,2581.0
35603C,6.34,2582.0
21943,6.33,2583.0
21226,6.300000000000001,2584.0
21632,6.300000000000001,2585.0
18097A,6.3,2586.0
22233,6.3,2587.0
20700,6.25,2588.0
20840,6.25,2589.0
84706D,6.25,2590.0
84906,6.25,2591.0
22877,6.13,2592.0
22292,6.11,2593.0
22255,6.08,2594.0
22221,5.95,2595.0
20819,5.9399999999999995,2596.0
21089,5.87,2597.0
90175B,5.87,2598.0
90183A,5.87,2599.0
71496A,5.75,2600.0
17014A,5.69,2601.0
82597,5.69,2602.0
35916A,5.6899999999999995,2603.0
84707A,5.6899999999999995,2604.0
85094,5.6899999999999995,2605.0
90160C,5.6899999999999995,2606.0
40005B,5.58,2607.0
22608,5.5,2608.0
90168,5.5,2609.0
90169,5.5,2610.0
90202C,5.5,2611.0
21816,5.449999999999999,2612.0
90179C,5.35,2613.0
84388,5.32,2614.0
90186B,5.32,2615.0
22123,5.3,2616.0
22164,5.28,2617.0
22498,4.76,2618.0
35015,4.75,2619.0
22859,4.51,2620.0
16202E,4.07,2621.0
20793,4.07,2622.0
20849,4.07,2623.0
21270,4.07,2624.0
21320,4.07,2625.0
21368,4.07,2626.0
21476,4.07,2627.0
21659,4.07,2628.0
35913B,4.07,2629.0
37351,4.07,2630.0
62095B,4.07,2631.0
81950B,4.07,2632.0
84907,4.07,2633.0
85031B,4.07,2634.0
85160A,4.07,2635.0
85189,4.07,2636.0
85224,4.07,2637.0
90112,4.07,2638.0
90123A,4.07,2639.0
90123D,4.07,2640.0
90133,4.07,2641.0
90159,4.07,2642.0
20850,4.06,2643.0
20997,4.06,2644.0
35810A,4.06,2645.0
35819B,4.06,2646.0
84924D,4.06,2647.0
90002A,4.06,2648.0
90065B,4.06,2649.0
90103,4.06,2650.0
90162C,4.06,2651.0
90163A,4.06,2652.0
gift_0001_30,4.06,2653.0
16156L,3.71,2654.0
16202A,3.71,2655.0
16207B,3.71,2656.0
16212,3.71,2657.0
35004c,3.71,2658.0
35931,3.71,2659.0
72369A,3.71,2660.0
79161A,3.71,2661.0
85030,3.71,2662.0
85040a,3.71,2663.0
85089,3.71,2664.0
90024D,3.71,2665.0
90036B,3.71,2666.0
90038A,3.71,2667.0
90164A,3.71,2668.0
90178B,3.71,2669.0
90214T,3.71,2670.0
gift_0001_20,3.71,2671.0
20698,3.67,2672.0
16202B,3.64,2673.0
20664,3.64,2674.0
20860,3.64,2675.0
20953,3.64,2676.0
21117,3.64,2677.0
21332,3.64,2678.0
21454,3.64,2679.0
21541,3.64,2680.0
35607B,3.64,2681.0
35649,3.64,2682.0
84660A,3.64,2683.0
84796A,3.64,2684.0
84800M,3.64,2685.0
84802A,3.64,2686.0
85033S,3.64,2687.0
85092,3.64,2688.0
85168B,3.64,2689.0
85179B,3.64,2690.0
85197,3.64,2691.0
85198,3.64,2692.0
85205B,3.64,2693.0
90011A,3.64,2694.0
90013D,3.64,2695.0
90037A,3.64,2696.0
90059F,3.64,2697.0
90070,3.64,2698.0
90124C,3.64,2699.0
90164B,3.64,2700.0
90180B,3.64,2701.0
90190A,3.64,2702.0
90202A,3.64,2703.0
22446,3.58,2704.0
90027D,3.53,2705.0
15058C,3.46,2706.0
21003,3.46,2707.0
21394,3.46,2708.0
21414,3.46,2709.0
21457,3.46,2710.0
22656,3.46,2711.0
35818B,3.46,2712.0
72225C,3.46,2713.0
79406,3.46,2714.0
84509F,3.46,2715.0
84510E,3.46,2716.0
84527,3.46,2717.0
84616,3.46,2718.0
84872A,3.46,2719.0
84985a,3.46,2720.0
85018B,3.46,2721.0
85019B,3.46,2722.0
85090,3.46,2723.0
85121C,3.46,2724.0
90016A,3.46,2725.0
90016B,3.46,2726.0
90079,3.46,2727.0
90144,3.46,2728.0
90160B,3.46,2729.0
90210D,3.46,2730.0
90205C,3.42,2731.0
16161G,3.35,2732.0
16169P,3.35,2733.0
20670,3.35,2734.0
21134,3.35,2735.0
21198,3.35,2736.0
21395,3.35,2737.0
21431,3.35,2738.0
35647,3.35,2739.0
35817P,3.35,2740.0
35915C,3.35,2741.0
37330,3.35,2742.0
62086A,3.35,2743.0
84007,3.35,2744.0
84033,3.35,2745.0
84675,3.35,2746.0
84977,3.35,2747.0
84997a,3.35,2748.0
85042,3.35,2749.0
85145,3.35,2750.0
90057,3.35,2751.0
90100,3.35,2752.0
90148,3.35,2753.0
90177B,3.35,2754.0
21548,3.31,2755.0
22284,3.27,2756.0
22872,3.27,2757.0
72803B,3.08,2758.0
90024B,3.02,2759.0
22782,2.99,2760.0
22344,2.89,2761.0
21850,2.87,2762.0
22215,2.41,2763.0
20847,2.23,2764.0
21336,2.23,2765.0
84522,2.23,2766.0
84711A,2.23,2767.0
85093,2.23,2768.0
90010E,2.23,2769.0
90056,2.23,2770.0
90183B,2.23,2771.0
90205A,2.03,2772.0
90059B,2.0,2773.0
35646,1.86,2774.0
90170,1.86,2775.0
22803,1.66,2776.0
21595,1.62,2777.0
22393,1.62,2778.0
