stock_code,coordinates
85123A,"(0, 0)"
85099B,"(0, 1)"
22086,"(1, 0)"
21212,"(0, 2)"
22910,"(1, 1)"
22867,"(2, 0)"
22423,"(0, 3)"
79321,"(1, 2)"
22865,"(2, 1)"
84946,"(3, 0)"
84879,"(0, 4)"
22197,"(1, 3)"
22866,"(2, 2)"
22952,"(3, 1)"
21232,"(4, 0)"
22112,"(0, 5)"
71477,"(1, 4)"
22633,"(2, 3)"
84347,"(3, 2)"
21733,"(4, 1)"
22632,"(5, 0)"
22909,"(0, 6)"
22585,"(1, 5)"
84077,"(2, 4)"
22111,"(3, 3)"
22114,"(4, 2)"
22629,"(5, 1)"
21231,"(6, 0)"
21098,"(0, 7)"
21485,"(1, 6)"
21790,"(2, 5)"
22469,"(3, 4)"
84945,"(4, 3)"
22178,"(5, 2)"
21494,"(6, 1)"
84950,"(7, 0)"
22699,"(0, 8)"
82494L,"(1, 7)"
22945,"(2, 6)"
84970S,"(3, 5)"
21080,"(4, 4)"
21181,"(5, 3)"
84991,"(6, 2)"
21481,"(7, 1)"
21213,"(8, 0)"
21977,"(0, 9)"
20725,"(1, 8)"
22470,"(2, 7)"
85048,"(3, 6)"
22697,"(4, 5)"
20668,"(5, 4)"
21498,"(6, 3)"
21731,"(7, 2)"
22198,"(8, 1)"
22659,"(9, 0)"
22740,"(0, 10)"
82482,"(1, 9)"
21931,"(2, 8)"
72741,"(3, 7)"
84029E,"(4, 6)"
20972,"(5, 5)"
21166,"(6, 4)"
17003,"(7, 3)"
22630,"(8, 2)"
82484,"(9, 1)"
22411,"(10, 0)"
22386,"(0, 11)"
22791,"(1, 10)"
22492,"(2, 9)"
22457,"(3, 8)"
22616,"(4, 7)"
20724,"(5, 6)"
85099C,"(6, 5)"
20971,"(7, 4)"
84992,"(8, 3)"
20713,"(9, 2)"
22147,"(10, 1)"
82600,"(11, 0)"
22144,"(0, 12)"
82483,"(1, 11)"
22734,"(2, 10)"
21484,"(3, 9)"
21992,"(4, 8)"
21094,"(5, 7)"
22110,"(6, 6)"
22652,"(7, 5)"
20914,"(8, 4)"
22158,"(9, 3)"
84947,"(10, 2)"
22834,"(11, 1)"
22816,"(12, 0)"
22371,"(0, 13)"
22959,"(1, 12)"
85099F,"(2, 11)"
21314,"(3, 10)"
22759,"(4, 9)"
21186,"(5, 8)"
22355,"(6, 7)"
22149,"(7, 6)"
22139,"(8, 5)"
21791,"(9, 4)"
84949,"(10, 3)"
22294,"(11, 2)"
21928,"(12, 1)"
47591D,"(13, 0)"
21326,"(0, 14)"
22666,"(1, 13)"
85152,"(2, 12)"
21488,"(3, 11)"
22551,"(4, 10)"
20719,"(5, 9)"
22818,"(6, 8)"
84598,"(7, 7)"
84836,"(8, 6)"
22130,"(9, 5)"
22694,"(10, 4)"
20727,"(11, 3)"
22141,"(12, 2)"
21121,"(13, 1)"
20723,"(14, 0)"
22556,"(0, 15)"
84970L,"(1, 14)"
85131A,"(2, 13)"
84978,"(3, 12)"
22311,"(4, 11)"
22595,"(5, 10)"
21982,"(6, 9)"
20974,"(7, 8)"
22804,"(8, 7)"
22646,"(9, 6)"
35004C,"(10, 5)"
22379,"(11, 4)"
21499,"(12, 3)"
84568,"(13, 2)"
21500,"(14, 1)"
22029,"(15, 0)"
22712,"(0, 16)"
21136,"(1, 15)"
15036,"(2, 14)"
22597,"(3, 13)"
22189,"(4, 12)"
71459,"(5, 11)"
21889,"(6, 10)"
22855,"(7, 9)"
21156,"(8, 8)"
22667,"(9, 7)"
22693,"(10, 6)"
22557,"(11, 5)"
82486,"(12, 4)"
21914,"(13, 3)"
82583,"(14, 2)"
20975,"(15, 1)"
22083,"(16, 0)"
22571,"(0, 17)"
22385,"(1, 16)"
22837,"(2, 15)"
22645,"(3, 14)"
21011,"(4, 13)"
21586,"(5, 12)"
21175,"(6, 11)"
22467,"(7, 10)"
84406B,"(8, 9)"
22328,"(9, 8)"
22419,"(10, 7)"
21258,"(11, 6)"
21704,"(12, 5)"
21210,"(13, 4)"
22383,"(14, 3)"
21976,"(15, 2)"
21980,"(16, 1)"
22554,"(17, 0)"
21086,"(0, 18)"
22077,"(1, 17)"
22174,"(2, 16)"
22704,"(3, 15)"
22755,"(4, 14)"
22754,"(5, 13)"
37370,"(6, 12)"
84050,"(7, 11)"
21929,"(8, 10)"
21870,"(9, 9)"
85175,"(10, 8)"
85118,"(11, 7)"
84692,"(12, 6)"
22951,"(13, 5)"
22776,"(14, 4)"
85032D,"(15, 3)"
21429,"(16, 2)"
22417,"(17, 1)"
22560,"(18, 0)"
22594,"(0, 19)"
21479,"(1, 18)"
21915,"(2, 17)"
21829,"(3, 16)"
21497,"(4, 15)"
22326,"(5, 14)"
20711,"(6, 13)"
22812,"(7, 12)"
20718,"(8, 11)"
15056BL,"(9, 10)"
22943,"(10, 9)"
22593,"(11, 8)"
22835,"(12, 7)"
84832,"(13, 6)"
84029G,"(14, 5)"
22906,"(15, 4)"
20712,"(16, 3)"
47566,"(17, 2)"
22577,"(18, 1)"
22602,"(19, 0)"
22444,"(0, 20)"
85049A,"(1, 19)"
22534,"(2, 18)"
22027,"(3, 17)"
22271,"(4, 16)"
35957,"(5, 15)"
21174,"(6, 14)"
16156S,"(7, 13)"
22333,"(8, 12)"
22418,"(9, 11)"
16161U,"(10, 10)"
35598D,"(11, 9)"
22847,"(12, 8)"
22622,"(13, 7)"
22555,"(14, 6)"
22727,"(15, 5)"
21495,"(16, 4)"
21916,"(17, 3)"
84755,"(18, 2)"
16161P,"(19, 1)"
22654,"(20, 0)"
15056N,"(0, 21)"
21803,"(1, 20)"
22536,"(2, 19)"
10002,"(3, 18)"
22665,"(4, 17)"
20728,"(5, 16)"
22738,"(6, 15)"
22030,"(7, 14)"
21802,"(8, 13)"
79000,"(9, 12)"
17084N,"(10, 11)"
22151,"(11, 10)"
22464,"(12, 9)"
22733,"(13, 8)"
20726,"(14, 7)"
22661,"(15, 6)"
21527,"(16, 5)"
22064,"(17, 4)"
22381,"(18, 3)"
22620,"(19, 2)"
21830,"(20, 1)"
16237,"(21, 0)"
22601,"(0, 22)"
21871,"(1, 21)"
21801,"(2, 20)"
22741,"(3, 19)"
21703,"(4, 18)"
21975,"(5, 17)"
84378,"(6, 16)"
22726,"(7, 15)"
22766,"(8, 14)"
22356,"(9, 13)"
21587,"(10, 12)"
21993,"(11, 11)"
22572,"(12, 10)"
84380,"(13, 9)"
22374,"(14, 8)"
22940,"(15, 7)"
21165,"(16, 6)"
21930,"(17, 5)"
22574,"(18, 4)"
37340,"(19, 3)"
22603,"(20, 2)"
21509,"(21, 1)"
20973,"(22, 0)"
22892,"(0, 23)"
21808,"(1, 22)"
84032B,"(2, 21)"
22578,"(3, 20)"
21531,"(4, 19)"
21833,"(5, 18)"
22617,"(6, 17)"
22739,"(7, 16)"
84030E,"(8, 15)"
22716,"(9, 14)"
22637,"(10, 13)"
21169,"(11, 12)"
22113,"(12, 11)"
85150,"(13, 10)"
21877,"(14, 9)"
22904,"(15, 8)"
21591,"(16, 7)"
22745,"(17, 6)"
22553,"(18, 5)"
85049E,"(19, 4)"
22544,"(20, 3)"
20979,"(21, 2)"
22662,"(22, 1)"
22795,"(23, 0)"
22810,"(0, 24)"
22489,"(1, 23)"
22243,"(2, 22)"
22600,"(3, 21)"
22382,"(4, 20)"
22748,"(5, 19)"
22087,"(6, 18)"
22644,"(7, 17)"
22296,"(8, 16)"
22575,"(9, 15)"
21191,"(10, 14)"
21754,"(11, 13)"
22219,"(12, 12)"
22569,"(13, 11)"
21192,"(14, 10)"
21908,"(15, 9)"
20679,"(16, 8)"
21507,"(17, 7)"
22599,"(18, 6)"
21990,"(19, 5)"
21648,"(20, 4)"
20871,"(21, 3)"
21351,"(22, 2)"
21668,"(23, 1)"
22784,"(24, 0)"
72800E,"(0, 25)"
22273,"(1, 24)"
21559,"(2, 23)"
22312,"(3, 22)"
22986,"(4, 21)"
35400,"(5, 20)"
22708,"(6, 19)"
21506,"(7, 18)"
72807C,"(8, 17)"
22082,"(9, 16)"
22737,"(10, 15)"
22752,"(11, 14)"
17084R,"(12, 13)"
21187,"(13, 12)"
22367,"(14, 11)"
84754,"(15, 10)"
17091J,"(16, 9)"
20750,"(17, 8)"
22771,"(18, 7)"
22561,"(19, 6)"
21892,"(20, 5)"
48138,"(21, 4)"
22711,"(22, 3)"
22706,"(23, 2)"
22155,"(24, 1)"
22196,"(25, 0)"
22714,"(0, 26)"
22154,"(1, 25)"
22549,"(2, 24)"
22090,"(3, 23)"
37449,"(4, 22)"
22314,"(5, 21)"
22698,"(6, 20)"
20983,"(7, 19)"
21122,"(8, 18)"
21584,"(9, 17)"
22530,"(10, 16)"
22631,"(11, 15)"
22736,"(12, 14)"
22851,"(13, 13)"
22297,"(14, 12)"
22705,"(15, 11)"
21116,"(16, 10)"
22938,"(17, 9)"
22749,"(18, 8)"
21743,"(19, 7)"
20676,"(20, 6)"
22348,"(21, 5)"
20685,"(22, 4)"
84987,"(23, 3)"
37450,"(24, 2)"
22142,"(25, 1)"
21508,"(26, 0)"
20828,"(0, 27)"
21172,"(1, 26)"
22651,"(2, 25)"
21137,"(3, 24)"
22907,"(4, 23)"
22579,"(5, 22)"
22295,"(6, 21)"
22750,"(7, 20)"
22713,"(8, 19)"
35961,"(9, 18)"
22746,"(10, 17)"
75049L,"(11, 16)"
22573,"(12, 15)"
85199L,"(13, 14)"
22049,"(14, 13)"
21786,"(15, 12)"
22798,"(16, 11)"
84997B,"(17, 10)"
22150,"(18, 9)"
22899,"(19, 8)"
21034,"(20, 7)"
22809,"(21, 6)"
17091A,"(22, 5)"
22634,"(23, 4)"
82582,"(24, 3)"
22244,"(25, 2)"
22753,"(26, 1)"
22384,"(27, 0)"
21154,"(0, 28)"
22335,"(1, 27)"
22757,"(2, 26)"
22758,"(3, 25)"
22813,"(4, 24)"
20978,"(5, 23)"
72351B,"(6, 22)"
84880,"(7, 21)"
22045,"(8, 20)"
82580,"(9, 19)"
22041,"(10, 18)"
84032A,"(11, 17)"
21730,"(12, 16)"
20961,"(13, 15)"
21108,"(14, 14)"
22466,"(15, 13)"
22505,"(16, 12)"
20829,"(17, 11)"
22195,"(18, 10)"
21641,"(19, 9)"
47566B,"(20, 8)"
22581,"(21, 7)"
22568,"(22, 6)"
22728,"(23, 5)"
20749,"(24, 4)"
48194,"(25, 3)"
48184,"(26, 2)"
22730,"(27, 1)"
22941,"(28, 0)"
22983,"(0, 29)"
22732,"(1, 28)"
21533,"(2, 27)"
84997D,"(3, 26)"
21068,"(4, 25)"
20963,"(5, 24)"
22588,"(6, 23)"
22663,"(7, 22)"
21143,"(8, 21)"
22587,"(9, 20)"
21259,"(10, 19)"
22507,"(11, 18)"
22570,"(12, 17)"
35964,"(13, 16)"
21755,"(14, 15)"
22173,"(15, 14)"
21984,"(16, 13)"
21891,"(17, 12)"
21868,"(18, 11)"
21592,"(19, 10)"
16033,"(20, 9)"
85230B,"(21, 8)"
21114,"(22, 7)"
16169K,"(23, 6)"
20677,"(24, 5)"
20982,"(25, 4)"
22153,"(26, 3)"
22623,"(27, 2)"
20966,"(28, 1)"
22584,"(29, 0)"
85199S,"(0, 30)"
21967,"(1, 29)"
22619,"(2, 28)"
21124,"(3, 27)"
85014B,"(4, 26)"
22900,"(5, 25)"
22946,"(6, 24)"
22719,"(7, 23)"
22614,"(8, 22)"
11001,"(9, 21)"
21985,"(10, 20)"
22188,"(11, 19)"
22768,"(12, 18)"
85038,"(13, 17)"
72351A,"(14, 16)"
22729,"(15, 15)"
85132C,"(16, 14)"
21669,"(17, 13)"
22375,"(18, 12)"
20956,"(19, 11)"
47559B,"(20, 10)"
85132A,"(21, 9)"
21523,"(22, 8)"
17084P,"(23, 7)"
22567,"(24, 6)"
22670,"(25, 5)"
21658,"(26, 4)"
21986,"(27, 3)"
72816,"(28, 2)"
21981,"(29, 1)"
21239,"(30, 0)"
22890,"(0, 31)"
20675,"(1, 30)"
40016,"(2, 29)"
22028,"(3, 28)"
21328,"(4, 27)"
48187,"(5, 26)"
51014C,"(6, 25)"
21672,"(7, 24)"
85064,"(8, 23)"
22078,"(9, 22)"
22183,"(10, 21)"
85018D,"(11, 20)"
84625D,"(12, 19)"
84341B,"(13, 18)"
21899,"(14, 17)"
21700,"(15, 16)"
22747,"(16, 15)"
21673,"(17, 14)"
21787,"(18, 13)"
84997C,"(19, 12)"
22186,"(20, 11)"
22709,"(21, 10)"
51008,"(22, 9)"
22539,"(23, 8)"
22065,"(24, 7)"
21623,"(25, 6)"
72232,"(26, 5)"
10135,"(27, 4)"
37446,"(28, 3)"
22598,"(29, 2)"
21071,"(30, 1)"
21558,"(31, 0)"
22162,"(0, 32)"
21164,"(1, 31)"
21385,"(2, 30)"
21901,"(3, 29)"
20754,"(4, 28)"
22576,"(5, 27)"
22493,"(6, 26)"
85039A,"(7, 25)"
22772,"(8, 24)"
22653,"(9, 23)"
22731,"(10, 22)"
22984,"(11, 21)"
21430,"(12, 20)"
22792,"(13, 19)"
21313,"(14, 18)"
22944,"(15, 17)"
21217,"(16, 16)"
22669,"(17, 15)"
22898,"(18, 14)"
22313,"(19, 13)"
21900,"(20, 12)"
22531,"(21, 11)"
22274,"(22, 10)"
21642,"(23, 9)"
22152,"(24, 8)"
22465,"(25, 7)"
22079,"(26, 6)"
21918,"(27, 5)"
21107,"(28, 4)"
21671,"(29, 3)"
20941,"(30, 2)"
22421,"(31, 1)"
22582,"(32, 0)"
21902,"(0, 33)"
22710,"(1, 32)"
22639,"(2, 31)"
22725,"(3, 30)"
22840,"(4, 29)"
22380,"(5, 28)"
22156,"(6, 27)"
22817,"(7, 26)"
21381,"(8, 25)"
47590A,"(9, 24)"
71053,"(10, 23)"
85230F,"(11, 22)"
21844,"(12, 21)"
22161,"(13, 20)"
21147,"(14, 19)"
21069,"(15, 18)"
22846,"(16, 17)"
85066,"(17, 16)"
21535,"(18, 15)"
22751,"(19, 14)"
82599,"(20, 13)"
16012,"(21, 12)"
22635,"(22, 11)"
21818,"(23, 10)"
22376,"(24, 9)"
22580,"(25, 8)"
47567B,"(26, 7)"
21238,"(27, 6)"
21135,"(28, 5)"
84670,"(29, 4)"
21874,"(30, 3)"
21588,"(31, 2)"
85232B,"(32, 1)"
21035,"(33, 0)"
21670,"(0, 34)"
20992,"(1, 33)"
85230G,"(2, 32)"
84625C,"(3, 31)"
22985,"(4, 30)"
22460,"(5, 29)"
85227,"(6, 28)"
21814,"(7, 27)"
22157,"(8, 26)"
22589,"(9, 25)"
22537,"(10, 24)"
22059,"(11, 23)"
22807,"(12, 22)"
21463,"(13, 21)"
21637,"(14, 20)"
16235,"(15, 19)"
22592,"(16, 18)"
72818,"(17, 17)"
21285,"(18, 16)"
22649,"(19, 15)"
21240,"(20, 14)"
84375,"(21, 13)"
22565,"(22, 12)"
21291,"(23, 11)"
84536A,"(24, 10)"
21329,"(25, 9)"
72799F,"(26, 8)"
85178,"(27, 7)"
22075,"(28, 6)"
85172,"(29, 5)"
21807,"(30, 4)"
72807A,"(31, 3)"
21544,"(32, 2)"
79164,"(33, 1)"
22165,"(34, 0)"
84270,"(0, 35)"
84997A,"(1, 34)"
20878,"(2, 33)"
21832,"(3, 32)"
22037,"(4, 31)"
21352,"(5, 30)"
21218,"(6, 29)"
22502,"(7, 28)"
22895,"(8, 27)"
21562,"(9, 26)"
21888,"(10, 25)"
20969,"(11, 24)"
22352,"(12, 23)"
21041,"(13, 22)"
22046,"(14, 21)"
85231B,"(15, 20)"
22862,"(16, 19)"
22838,"(17, 18)"
22735,"(18, 17)"
22854,"(19, 16)"
84212,"(20, 15)"
22696,"(21, 14)"
84971S,"(22, 13)"
85039B,"(23, 12)"
16014,"(24, 11)"
22845,"(25, 10)"
22707,"(26, 9)"
51014A,"(27, 8)"
20798,"(28, 7)"
21705,"(29, 6)"
21421,"(30, 5)"
84006,"(31, 4)"
22336,"(32, 3)"
22664,"(33, 2)"
85014A,"(34, 1)"
22042,"(35, 0)"
16011,"(0, 36)"
37447,"(1, 35)"
21390,"(2, 34)"
21327,"(3, 33)"
84988,"(4, 32)"
22968,"(5, 31)"
22488,"(6, 30)"
22360,"(7, 29)"
22483,"(8, 28)"
22540,"(9, 27)"
21519,"(10, 26)"
85049G,"(11, 25)"
22717,"(12, 24)"
85131C,"(13, 23)"
22743,"(14, 22)"
22695,"(15, 21)"
85230E,"(16, 20)"
22242,"(17, 19)"
22035,"(18, 18)"
21504,"(19, 17)"
85230A,"(20, 16)"
20977,"(21, 15)"
20970,"(22, 14)"
22819,"(23, 13)"
15056P,"(24, 12)"
22024,"(25, 11)"
22454,"(26, 10)"
22372,"(27, 9)"
20733,"(28, 8)"
22690,"(29, 7)"
22718,"(30, 6)"
21907,"(31, 5)"
21155,"(32, 4)"
20981,"(33, 3)"
22501,"(34, 2)"
21284,"(35, 1)"
21216,"(36, 0)"
22908,"(0, 37)"
20986,"(1, 36)"
22084,"(2, 35)"
22815,"(3, 34)"
21843,"(4, 33)"
22650,"(5, 32)"
22563,"(6, 31)"
22893,"(7, 30)"
21407,"(8, 29)"
22245,"(9, 28)"
22306,"(10, 27)"
47599A,"(11, 26)"
48185,"(12, 25)"
18007,"(13, 24)"
35599D,"(14, 23)"
22781,"(15, 22)"
21428,"(16, 21)"
22744,"(17, 20)"
22566,"(18, 19)"
20682,"(19, 18)"
22774,"(20, 17)"
21524,"(21, 16)"
22109,"(22, 15)"
20717,"(23, 14)"
22586,"(24, 13)"
22121,"(25, 12)"
21819,"(26, 11)"
84536B,"(27, 10)"
22942,"(28, 9)"
70007,"(29, 8)"
21809,"(30, 7)"
51014L,"(31, 6)"
22207,"(32, 5)"
22715,"(33, 4)"
35954,"(34, 3)"
84625A,"(35, 2)"
22399,"(36, 1)"
21912,"(37, 0)"
22301,"(0, 38)"
85114A,"(1, 37)"
22080,"(2, 36)"
84352,"(3, 35)"
22439,"(4, 34)"
22911,"(5, 33)"
22187,"(6, 32)"
22548,"(7, 31)"
15060B,"(8, 30)"
22452,"(9, 29)"
22668,"(10, 28)"
22636,"(11, 27)"
22533,"(12, 26)"
22422,"(13, 25)"
21349,"(14, 24)"
85114B,"(15, 23)"
22672,"(16, 22)"
22624,"(17, 21)"
21777,"(18, 20)"
22625,"(19, 19)"
85174,"(20, 18)"
22451,"(21, 17)"
22767,"(22, 16)"
22182,"(23, 15)"
21340,"(24, 14)"
20751,"(25, 13)"
21876,"(26, 12)"
22814,"(27, 11)"
85170A,"(28, 10)"
22775,"(29, 9)"
22052,"(30, 8)"
21537,"(31, 7)"
37424,"(32, 6)"
21260,"(33, 5)"
22398,"(34, 4)"
21679,"(35, 3)"
84763,"(36, 2)"
20967,"(37, 1)"
48111,"(38, 0)"
84792,"(0, 39)"
22800,"(1, 38)"
72130,"(2, 37)"
15034,"(3, 36)"
85169A,"(4, 35)"
22413,"(5, 34)"
21380,"(6, 33)"
21244,"(7, 32)"
82578,"(8, 31)"
22897,"(9, 30)"
21189,"(10, 29)"
21491,"(11, 28)"
85226A,"(12, 27)"
22604,"(13, 26)"
48116,"(14, 25)"
22212,"(15, 24)"
22841,"(16, 23)"
85062,"(17, 22)"
35004G,"(18, 21)"
21890,"(19, 20)"
35599B,"(20, 19)"
21621,"(21, 18)"
72807B,"(22, 17)"
48188,"(23, 16)"
37423,"(24, 15)"
90214C,"(25, 14)"
20735,"(26, 13)"
84952C,"(27, 12)"
22948,"(28, 11)"
22435,"(29, 10)"
21640,"(30, 9)"
85049C,"(31, 8)"
85061W,"(32, 7)"
21042,"(33, 6)"
22170,"(34, 5)"
21001,"(35, 4)"
22779,"(36, 3)"
21242,"(37, 2)"
21355,"(38, 1)"
85040A,"(39, 0)"
22842,"(0, 40)"
22615,"(1, 39)"
21756,"(2, 38)"
82581,"(3, 37)"
22692,"(4, 36)"
16161M,"(5, 35)"
22618,"(6, 34)"
22224,"(7, 33)"
79067,"(8, 32)"
22780,"(9, 31)"
16236,"(10, 30)"
22508,"(11, 29)"
21935,"(12, 28)"
20665,"(13, 27)"
84535B,"(14, 26)"
22406,"(15, 25)"
21643,"(16, 24)"
35598B,"(17, 23)"
47367B,"(18, 22)"
85045,"(19, 21)"
20681,"(20, 20)"
22863,"(21, 19)"
85131D,"(22, 18)"
90214J,"(23, 17)"
22437,"(24, 16)"
16238,"(25, 15)"
21811,"(26, 14)"
15039,"(27, 13)"
17164B,"(28, 12)"
85068,"(29, 11)"
21033,"(30, 10)"
18097C,"(31, 9)"
21356,"(32, 8)"
21452,"(33, 7)"
72817,"(34, 6)"
20760,"(35, 5)"
84031A,"(36, 4)"
21823,"(37, 3)"
22487,"(38, 2)"
21486,"(39, 1)"
72802C,"(40, 0)"
21677,"(0, 41)"
21379,"(1, 40)"
22801,"(2, 39)"
21070,"(3, 38)"
21348,"(4, 37)"
22949,"(5, 36)"
22338,"(6, 35)"
85231G,"(7, 34)"
22903,"(8, 33)"
85114C,"(9, 32)"
85071A,"(10, 31)"
21161,"(11, 30)"
47480,"(12, 29)"
21810,"(13, 28)"
21815,"(14, 27)"
21272,"(15, 26)"
48173C,"(16, 25)"
21422,"(17, 24)"
21539,"(18, 23)"
85132B,"(19, 22)"
21012,"(20, 21)"
21725,"(21, 20)"
16048,"(22, 19)"
47580,"(23, 18)"
21067,"(24, 17)"
18098C,"(25, 16)"
21243,"(26, 15)"
21578,"(27, 14)"
72760B,"(28, 13)"
85084,"(29, 12)"
72800B,"(30, 11)"
22179,"(31, 10)"
22805,"(32, 9)"
22272,"(33, 8)"
22468,"(34, 7)"
20996,"(35, 6)"
21983,"(36, 5)"
22905,"(37, 4)"
21622,"(38, 3)"
22441,"(39, 2)"
21828,"(40, 1)"
84799,"(41, 0)"
21577,"(0, 42)"
47591B,"(1, 41)"
21806,"(2, 40)"
82613D,"(3, 39)"
82001S,"(4, 38)"
84559A,"(5, 37)"
22844,"(6, 36)"
22480,"(7, 35)"
84559B,"(8, 34)"
22849,"(9, 33)"
22902,"(10, 32)"
21826,"(11, 31)"
21179,"(12, 30)"
22789,"(13, 29)"
22095,"(14, 28)"
22535,"(15, 27)"
22796,"(16, 26)"
16218,"(17, 25)"
21063,"(18, 24)"
21354,"(19, 23)"
22436,"(20, 22)"
22300,"(21, 21)"
84520B,"(22, 20)"
21991,"(23, 19)"
21680,"(24, 18)"
22047,"(25, 17)"
21411,"(26, 16)"
22456,"(27, 15)"
21974,"(28, 14)"
46000M,"(29, 13)"
20674,"(30, 12)"
35958,"(31, 11)"
21257,"(32, 10)"
22023,"(33, 9)"
21249,"(34, 8)"
22171,"(35, 7)"
22088,"(36, 6)"
22337,"(37, 5)"
22956,"(38, 4)"
22676,"(39, 3)"
22131,"(40, 2)"
21872,"(41, 1)"
21824,"(42, 0)"
35970,"(0, 43)"
72349B,"(1, 42)"
48129,"(2, 41)"
21163,"(3, 40)"
85049F,"(4, 39)"
21934,"(5, 38)"
17021,"(6, 37)"
22821,"(7, 36)"
72799E,"(8, 35)"
21215,"(9, 34)"
22688,"(10, 33)"
21556,"(11, 32)"
90214S,"(12, 31)"
22742,"(13, 30)"
35924,"(14, 29)"
21988,"(15, 28)"
75013B,"(16, 27)"
22299,"(17, 26)"
21293,"(18, 25)"
22947,"(19, 24)"
22689,"(20, 23)"
85176,"(21, 22)"
22627,"(22, 21)"
85049D,"(23, 20)"
21688,"(24, 19)"
37343,"(25, 18)"
22072,"(26, 17)"
84596B,"(27, 16)"
21866,"(28, 15)"
21644,"(29, 14)"
22839,"(30, 13)"
22107,"(31, 12)"
22420,"(32, 11)"
71403,"(33, 10)"
21917,"(34, 9)"
21735,"(35, 8)"
21720,"(36, 7)"
79302M,"(37, 6)"
35001G,"(38, 5)"
21333,"(39, 4)"
22329,"(40, 3)"
82552,"(41, 2)"
35095B,"(42, 1)"
22610,"(43, 0)"
22279,"(0, 44)"
35471D,"(1, 43)"
84580,"(2, 42)"
35953,"(3, 41)"
21262,"(4, 40)"
84031B,"(5, 39)"
85177,"(6, 38)"
84534B,"(7, 37)"
22185,"(8, 36)"
22532,"(9, 35)"
21014,"(10, 34)"
84884A,"(11, 33)"
22628,"(12, 32)"
35972,"(13, 31)"
22025,"(14, 30)"
35004B,"(15, 29)"
21675,"(16, 28)"
20886,"(17, 27)"
22491,"(18, 26)"
21864,"(19, 25)"
21563,"(20, 24)"
47590B,"(21, 23)"
22227,"(22, 22)"
84854,"(23, 21)"
22366,"(24, 20)"
37444C,"(25, 19)"
22339,"(26, 18)"
85116,"(27, 17)"
21561,"(28, 16)"
22327,"(29, 15)"
20985,"(30, 14)"
17038,"(31, 13)"
22642,"(32, 12)"
22896,"(33, 11)"
90086,"(34, 10)"
21744,"(35, 9)"
22675,"(36, 8)"
90214E,"(37, 7)"
21789,"(38, 6)"
21651,"(39, 5)"
22427,"(40, 4)"
22190,"(41, 3)"
20752,"(42, 2)"
22169,"(43, 1)"
90214A,"(44, 0)"
21219,"(0, 45)"
21000,"(1, 44)"
84558A,"(2, 43)"
22562,"(3, 42)"
21812,"(4, 41)"
47556B,"(5, 40)"
62096A,"(6, 39)"
84596E,"(7, 38)"
22135,"(8, 37)"
70006,"(9, 36)"
21466,"(10, 35)"
22067,"(11, 34)"
21126,"(12, 33)"
10133,"(13, 32)"
21224,"(14, 31)"
21817,"(15, 30)"
21721,"(16, 29)"
84849B,"(17, 28)"
21693,"(18, 27)"
21207,"(19, 26)"
85216,"(20, 25)"
22445,"(21, 24)"
21200,"(22, 23)"
22891,"(23, 22)"
85035A,"(24, 21)"
85131B,"(25, 20)"
82551,"(26, 19)"
22686,"(27, 18)"
22440,"(28, 17)"
22310,"(29, 16)"
22564,"(30, 15)"
22118,"(31, 14)"
84849D,"(32, 13)"
22494,"(33, 12)"
21989,"(34, 11)"
22044,"(35, 10)"
84569B,"(36, 9)"
22026,"(37, 8)"
90214M,"(38, 7)"
20658,"(39, 6)"
21209,"(40, 5)"
22321,"(41, 4)"
10125,"(42, 3)"
22756,"(43, 2)"
22678,"(44, 1)"
17165D,"(45, 0)"
22378,"(0, 46)"
21016,"(1, 45)"
21719,"(2, 44)"
21167,"(3, 43)"
21741,"(4, 42)"
21774,"(5, 41)"
22073,"(6, 40)"
84944,"(7, 39)"
21875,"(8, 38)"
82616B,"(9, 37)"
22778,"(10, 36)"
22034,"(11, 35)"
84683,"(12, 34)"
84569D,"(13, 33)"
21724,"(14, 32)"
21059,"(15, 31)"
85035B,"(16, 30)"
84078A,"(17, 29)"
20662,"(18, 28)"
21676,"(19, 27)"
21015,"(20, 26)"
35971,"(21, 25)"
22453,"(22, 24)"
22674,"(23, 23)"
84826,"(24, 22)"
22450,"(25, 21)"
22361,"(26, 20)"
21745,"(27, 19)"
22955,"(28, 18)"
22304,"(29, 17)"
22055,"(30, 16)"
22671,"(31, 15)"
22848,"(32, 14)"
22181,"(33, 13)"
22482,"(34, 12)"
22773,"(35, 11)"
84596F,"(36, 10)"
35967,"(37, 9)"
21439,"(38, 8)"
21261,"(39, 7)"
72802A,"(40, 6)"
21051,"(41, 5)"
84510A,"(42, 4)"
22199,"(43, 3)"
22843,"(44, 2)"
85167B,"(45, 1)"
90214R,"(46, 0)"
21624,"(0, 47)"
35609A,"(1, 46)"
85049B,"(2, 45)"
22820,"(3, 44)"
72780,"(4, 43)"
22191,"(5, 42)"
22412,"(6, 41)"
22343,"(7, 40)"
22449,"(8, 39)"
22069,"(9, 38)"
21363,"(10, 37)"
21738,"(11, 36)"
72598,"(12, 35)"
21145,"(13, 34)"
22853,"(14, 33)"
22405,"(15, 32)"
16259,"(16, 31)"
22583,"(17, 30)"
84993A,"(18, 29)"
62018,"(19, 28)"
20893,"(20, 27)"
20684,"(21, 26)"
90214P,"(22, 25)"
72799C,"(23, 24)"
82613B,"(24, 23)"
21112,"(25, 22)"
21058,"(26, 21)"
22434,"(27, 20)"
22119,"(28, 19)"
21683,"(29, 18)"
22132,"(30, 17)"
21115,"(31, 16)"
21696,"(32, 15)"
84828,"(33, 14)"
21446,"(34, 13)"
22208,"(35, 12)"
46000S,"(36, 11)"
21804,"(37, 10)"
20716,"(38, 9)"
21781,"(39, 8)"
47599B,"(40, 7)"
22673,"(41, 6)"
22760,"(42, 5)"
17001,"(43, 4)"
20770,"(44, 3)"
21698,"(45, 2)"
85036A,"(46, 1)"
22765,"(47, 0)"
20622,"(0, 48)"
21788,"(1, 47)"
21062,"(2, 46)"
84251G,"(3, 45)"
72802B,"(4, 44)"
21820,"(5, 43)"
16216,"(6, 42)"
22550,"(7, 41)"
21017,"(8, 40)"
22276,"(9, 39)"
21883,"(10, 38)"
22081,"(11, 37)"
84821,"(12, 36)"
22349,"(13, 35)"
22459,"(14, 34)"
21289,"(15, 33)"
21245,"(16, 32)"
22647,"(17, 31)"
22424,"(18, 30)"
22350,"(19, 29)"
22525,"(20, 28)"
21903,"(21, 27)"
21653,"(22, 26)"
85034A,"(23, 25)"
22679,"(24, 24)"
21111,"(25, 23)"
17129F,"(26, 22)"
21060,"(27, 21)"
79144C,"(28, 20)"
82567,"(29, 19)"
20734,"(30, 18)"
85017B,"(31, 17)"
20950,"(32, 16)"
84840,"(33, 15)"
85184C,"(34, 14)"
21030,"(35, 13)"
21078,"(36, 12)"
21106,"(37, 11)"
21470,"(38, 10)"
35923,"(39, 9)"
21294,"(40, 8)"
84685,"(41, 7)"
21746,"(42, 6)"
21125,"(43, 5)"
22606,"(44, 4)"
22429,"(45, 3)"
22613,"(46, 2)"
90214L,"(47, 1)"
21773,"(48, 0)"
22193,"(0, 49)"
21201,"(1, 48)"
35965,"(2, 47)"
21287,"(3, 46)"
47593B,"(4, 45)"
22458,"(5, 44)"
21813,"(6, 43)"
22175,"(7, 42)"
22677,"(8, 41)"
71038,"(9, 40)"
21867,"(10, 39)"
10120,"(11, 38)"
21906,"(12, 37)"
21056,"(13, 36)"
21716,"(14, 35)"
20767,"(15, 34)"
21911,"(16, 33)"
85185B,"(17, 32)"
16169N,"(18, 31)"
20771,"(19, 30)"
21283,"(20, 29)"
22687,"(21, 28)"
84659A,"(22, 27)"
22497,"(23, 26)"
21447,"(24, 25)"
79066K,"(25, 24)"
84876D,"(26, 23)"
21564,"(27, 22)"
16049,"(28, 21)"
85071B,"(29, 20)"
22785,"(30, 19)"
22200,"(31, 18)"
21471,"(32, 17)"
21374,"(33, 16)"
21286,"(34, 15)"
37495,"(35, 14)"
37448,"(36, 13)"
20669,"(37, 12)"
84789,"(38, 11)"
21361,"(39, 10)"
22626,"(40, 9)"
21264,"(41, 8)"
22167,"(42, 7)"
21158,"(43, 6)"
22319,"(44, 5)"
84519A,"(45, 4)"
22318,"(46, 3)"
22358,"(47, 2)"
21162,"(48, 1)"
22524,"(49, 0)"
21614,"(0, 50)"
21726,"(1, 49)"
21692,"(2, 48)"
21609,"(3, 47)"
85135B,"(4, 46)"
84051,"(5, 45)"
22682,"(6, 44)"
21288,"(7, 43)"
21785,"(8, 42)"
22180,"(9, 41)"
21715,"(10, 40)"
21397,"(11, 39)"
22529,"(12, 38)"
72815,"(13, 37)"
22071,"(14, 36)"
21464,"(15, 35)"
35969,"(16, 34)"
22277,"(17, 33)"
22685,"(18, 32)"
21324,"(19, 31)"
22061,"(20, 30)"
84750A,"(21, 29)"
21377,"(22, 28)"
21248,"(23, 27)"
85017A,"(24, 26)"
21393,"(25, 25)"
22477,"(26, 24)"
84499,"(27, 23)"
21694,"(28, 22)"
22332,"(29, 21)"
22939,"(30, 20)"
20984,"(31, 19)"
21018,"(32, 18)"
21625,"(33, 17)"
40001,"(34, 16)"
21894,"(35, 15)"
21211,"(36, 14)"
85040B,"(37, 13)"
21723,"(38, 12)"
20686,"(39, 11)"
22331,"(40, 10)"
22431,"(41, 9)"
21389,"(42, 8)"
21617,"(43, 7)"
20866,"(44, 6)"
85032A,"(45, 5)"
18098c,"(46, 4)"
22043,"(47, 3)"
22120,"(48, 2)"
21039,"(49, 1)"
35968,"(0, 51)"
22192,"(1, 50)"
16258A,"(2, 49)"
21054,"(3, 48)"
84929,"(4, 47)"
17096,"(5, 46)"
84913A,"(6, 45)"
84247G,"(7, 44)"
21195,"(8, 43)"
22605,"(9, 42)"
21656,"(10, 41)"
21220,"(11, 40)"
22894,"(12, 39)"
21695,"(13, 38)"
20755,"(14, 37)"
21987,"(15, 36)"
84596G,"(16, 35)"
22365,"(17, 34)"
21528,"(18, 33)"
21171,"(19, 32)"
21706,"(20, 31)"
47570B,"(21, 30)"
21055,"(22, 29)"
21627,"(23, 28)"
20772,"(24, 27)"
22400,"(25, 26)"
21221,"(26, 25)"
72128,"(27, 24)"
21190,"(28, 23)"
37500,"(29, 22)"
21358,"(30, 21)"
85039C,"(31, 20)"
84952B,"(32, 19)"
16169C,"(33, 18)"
85123a,"(34, 17)"
35607A,"(35, 16)"
22091,"(36, 15)"
84569A,"(37, 14)"
21002,"(38, 13)"
85107,"(39, 12)"
21202,"(40, 11)"
20617,"(41, 10)"
22953,"(42, 9)"
71143,"(43, 8)"
22070,"(44, 7)"
20761,"(45, 6)"
84990,"(46, 5)"
22684,"(47, 4)"
72803A,"(48, 3)"
17012B,"(49, 2)"
21412,"(0, 52)"
21188,"(1, 51)"
20867,"(2, 50)"
21292,"(3, 49)"
84012,"(4, 48)"
20846,"(5, 47)"
72051S,"(6, 46)"
21865,"(7, 45)"
90214D,"(8, 44)"
84247L,"(9, 43)"
22680,"(10, 42)"
22786,"(11, 41)"
22474,"(12, 40)"
20766,"(13, 39)"
21401,"(14, 38)"
22278,"(15, 37)"
21364,"(16, 36)"
21027,"(17, 35)"
21945,"(18, 34)"
22168,"(19, 33)"
20780,"(20, 32)"
85006,"(21, 31)"
85136C,"(22, 30)"
84247E,"(23, 29)"
85129D,"(24, 28)"
22558,"(25, 27)"
20777,"(26, 26)"
22094,"(27, 25)"
21955,"(28, 24)"
85078,"(29, 23)"
22443,"(30, 22)"
22591,"(31, 21)"
22176,"(32, 20)"
22966,"(33, 19)"
22683,"(34, 18)"
22068,"(35, 17)"
84969,"(36, 16)"
90214G,"(37, 15)"
22547,"(38, 14)"
22643,"(39, 13)"
22607,"(40, 12)"
22811,"(41, 11)"
85034B,"(42, 10)"
37501,"(43, 9)"
22127,"(44, 8)"
20738,"(45, 7)"
21557,"(46, 6)"
35001W,"(47, 5)"
21061,"(48, 4)"
37464,"(49, 3)"
21222,"(0, 53)"
84509A,"(1, 52)"
21251,"(2, 51)"
21026,"(3, 50)"
22545,"(4, 49)"
22499,"(5, 48)"
21123,"(6, 47)"
22133,"(7, 46)"
22621,"(8, 45)"
21769,"(9, 44)"
21534,"(10, 43)"
22609,"(11, 42)"
22340,"(12, 41)"
35095A,"(13, 40)"
84459A,"(14, 39)"
22377,"(15, 38)"
21064,"(16, 37)"
21110,"(17, 36)"
22681,"(18, 35)"
22425,"(19, 34)"
20802,"(20, 33)"
85055,"(21, 32)"
22660,"(22, 31)"
17012A,"(23, 30)"
22777,"(24, 29)"
16225,"(25, 28)"
22432,"(26, 27)"
84912B,"(27, 26)"
21360,"(28, 25)"
21775,"(29, 24)"
16052,"(30, 23)"
21144,"(31, 22)"
85049H,"(32, 21)"
21282,"(33, 20)"
21827,"(34, 19)"
85183B,"(35, 18)"
22089,"(36, 17)"
21896,"(37, 16)"
90214N,"(38, 15)"
21739,"(39, 14)"
22357,"(40, 13)"
20702,"(41, 12)"
20762,"(42, 11)"
21109,"(43, 10)"
22797,"(44, 9)"
20894,"(45, 8)"
22098,"(46, 7)"
22521,"(47, 6)"
21448,"(48, 5)"
21467,"(49, 4)"
22611,"(0, 54)"
22307,"(1, 53)"
90214H,"(2, 52)"
84913B,"(3, 51)"
21690,"(4, 50)"
21581,"(5, 49)"
85169B,"(6, 48)"
17107D,"(7, 47)"
35833P,"(8, 46)"
84279P,"(9, 45)"
20768,"(10, 44)"
21371,"(11, 43)"
22203,"(12, 42)"
35653,"(13, 41)"
21616,"(14, 40)"
22260,"(15, 39)"
21821,"(16, 38)"
21576,"(17, 37)"
79190A,"(18, 36)"
22950,"(19, 35)"
22341,"(20, 34)"
84581,"(21, 33)"
20803,"(22, 32)"
82615,"(23, 31)"
22166,"(24, 30)"
79190B,"(25, 29)"
22202,"(26, 28)"
35832,"(27, 27)"
21279,"(28, 26)"
21942,"(29, 25)"
35271S,"(30, 24)"
21613,"(31, 23)"
22076,"(32, 22)"
21408,"(33, 21)"
22546,"(34, 20)"
22969,"(35, 19)"
79030G,"(36, 18)"
35991,"(37, 17)"
21472,"(38, 16)"
21100,"(39, 15)"
21638,"(40, 14)"
22478,"(41, 13)"
85124C,"(42, 12)"
20758,"(43, 11)"
22210,"(44, 10)"
C2,"(45, 9)"
22315,"(46, 8)"
79163,"(47, 7)"
22163,"(48, 6)"
20854,"(49, 5)"
72800D,"(0, 55)"
21159,"(1, 54)"
22322,"(2, 53)"
22520,"(3, 52)"
72801G,"(4, 51)"
85035C,"(5, 50)"
22472,"(6, 49)"
22246,"(7, 48)"
84086C,"(8, 47)"
79190D,"(9, 46)"
22433,"(10, 45)"
37467,"(11, 44)"
20764,"(12, 43)"
90214K,"(13, 42)"
85232D,"(14, 41)"
21520,"(15, 40)"
21204,"(16, 39)"
79144B,"(17, 38)"
22473,"(18, 37)"
22099,"(19, 36)"
72800C,"(20, 35)"
21025,"(21, 34)"
21682,"(22, 33)"
90200D,"(23, 32)"
16016,"(24, 31)"
20832,"(25, 30)"
84750B,"(26, 29)"
84678,"(27, 28)"
20765,"(28, 27)"
22852,"(29, 26)"
22184,"(30, 25)"
20998,"(31, 24)"
35637A,"(32, 23)"
47504K,"(33, 22)"
22309,"(34, 21)"
21634,"(35, 20)"
90013B,"(36, 19)"
72122,"(37, 18)"
85215,"(38, 17)"
35833G,"(39, 16)"
47563A,"(40, 15)"
21647,"(41, 14)"
22217,"(42, 13)"
84912A,"(43, 12)"
40003,"(44, 11)"
22115,"(45, 10)"
21948,"(46, 9)"
72801C,"(47, 8)"
22495,"(48, 7)"
21707,"(49, 6)"
85067,"(0, 56)"
16015,"(1, 55)"
85135C,"(2, 54)"
90087,"(3, 53)"
85025C,"(4, 52)"
18094C,"(5, 51)"
21626,"(6, 50)"
21846,"(7, 49)"
22822,"(8, 48)"
85016,"(9, 47)"
82613C,"(10, 46)"
21580,"(11, 45)"
21441,"(12, 44)"
21768,"(13, 43)"
79160,"(14, 42)"
22283,"(15, 41)"
21749,"(16, 40)"
72801D,"(17, 39)"
22410,"(18, 38)"
90104,"(19, 37)"
22128,"(20, 36)"
21742,"(21, 35)"
79191C,"(22, 34)"
84674,"(23, 33)"
84877B,"(24, 32)"
21650,"(25, 31)"
20759,"(26, 30)"
21205,"(27, 29)"
21822,"(28, 28)"
21718,"(29, 27)"
22057,"(30, 26)"
22476,"(31, 25)"
21936,"(32, 24)"
22475,"(33, 23)"
21947,"(34, 22)"
22402,"(35, 21)"
21392,"(36, 20)"
90115,"(37, 19)"
22211,"(38, 18)"
22430,"(39, 17)"
21714,"(40, 16)"
90200C,"(41, 15)"
85129C,"(42, 14)"
21391,"(43, 13)"
22134,"(44, 12)"
85136A,"(45, 11)"
20778,"(46, 10)"
22701,"(47, 9)"
82616C,"(48, 8)"
21357,"(49, 7)"
20830,"(0, 57)"
84508A,"(1, 56)"
84519B,"(2, 55)"
22479,"(3, 54)"
22794,"(4, 53)"
85054,"(5, 52)"
21530,"(6, 51)"
21913,"(7, 50)"
21880,"(8, 49)"
21316,"(9, 48)"
20795,"(10, 47)"
84596J,"(11, 46)"
85015,"(12, 45)"
84847,"(13, 44)"
21657,"(14, 43)"
85203,"(15, 42)"
21427,"(16, 41)"
90200A,"(17, 40)"
22700,"(18, 39)"
22106,"(19, 38)"
22426,"(20, 37)"
72008,"(21, 36)"
22703,"(22, 35)"
21318,"(23, 34)"
20655,"(24, 33)"
20856,"(25, 32)"
21268,"(26, 31)"
20671,"(27, 30)"
16219,"(28, 29)"
21878,"(29, 28)"
20699,"(30, 27)"
21713,"(31, 26)"
84596L,"(32, 25)"
37342,"(33, 24)"
21462,"(34, 23)"
44234,"(35, 22)"
84970s,"(36, 21)"
17136A,"(37, 20)"
85173,"(38, 19)"
21157,"(39, 18)"
22448,"(40, 17)"
22523,"(41, 16)"
21678,"(42, 15)"
22282,"(43, 14)"
21579,"(44, 13)"
72814,"(45, 12)"
46000R,"(46, 11)"
84968C,"(47, 10)"
85204,"(48, 9)"
21028,"(49, 8)"
21208,"(0, 58)"
21784,"(1, 57)"
22543,"(2, 56)"
22262,"(3, 55)"
21904,"(4, 54)"
16168M,"(5, 53)"
84910A,"(6, 52)"
84849A,"(7, 51)"
84985A,"(8, 50)"
85017C,"(9, 49)"
20773,"(10, 48)"
22769,"(11, 47)"
35241,"(12, 46)"
85125,"(13, 45)"
20757,"(14, 44)"
79191B,"(15, 43)"
85049e,"(16, 42)"
21206,"(17, 41)"
75131,"(18, 40)"
22702,"(19, 39)"
85008,"(20, 38)"
21518,"(21, 37)"
20931,"(22, 36)"
82605,"(23, 35)"
21281,"(24, 34)"
21747,"(25, 33)"
20659,"(26, 32)"
84360,"(27, 31)"
21944,"(28, 30)"
21836,"(29, 29)"
85206A,"(30, 28)"
85111,"(31, 27)"
21949,"(32, 26)"
22409,"(33, 25)"
22641,"(34, 24)"
20748,"(35, 23)"
21547,"(36, 22)"
21708,"(37, 21)"
21319,"(38, 20)"
37444B,"(39, 19)"
21618,"(40, 18)"
47013A,"(41, 17)"
85202,"(42, 16)"
22100,"(43, 15)"
21194,"(44, 14)"
20756,"(45, 13)"
47594A,"(46, 12)"
17012C,"(47, 11)"
84199,"(48, 10)"
85129B,"(49, 9)"
21383,"(0, 59)"
85130A,"(1, 58)"
21066,"(2, 57)"
21399,"(3, 56)"
90062,"(4, 55)"
21681,"(5, 54)"
85053,"(6, 53)"
20774,"(7, 52)"
46776B,"(8, 51)"
21445,"(9, 50)"
21709,"(10, 49)"
85086A,"(11, 48)"
84562A,"(12, 47)"
22509,"(13, 46)"
21403,"(14, 45)"
22096,"(15, 44)"
72134,"(16, 43)"
20666,"(17, 42)"
84817,"(18, 41)"
84313B,"(19, 40)"
22117,"(20, 39)"
21378,"(21, 38)"
21630,"(22, 37)"
84993B,"(23, 36)"
85232A,"(24, 35)"
72225C,"(25, 34)"
22063,"(26, 33)"
20615,"(27, 32)"
21590,"(28, 31)"
46115B,"(29, 30)"
21469,"(30, 29)"
22640,"(31, 28)"
21442,"(32, 27)"
21398,"(33, 26)"
84592,"(34, 25)"
21365,"(35, 24)"
90082D,"(36, 23)"
20769,"(37, 22)"
85036B,"(38, 21)"
21311,"(39, 20)"
22136,"(40, 19)"
85106,"(41, 18)"
21620,"(42, 17)"
84673B,"(43, 16)"
22518,"(44, 15)"
35471A,"(45, 14)"
72819,"(46, 13)"
84923,"(47, 12)"
21038,"(48, 11)"
90214B,"(49, 10)"
21710,"(0, 60)"
90002D,"(1, 59)"
20868,"(2, 58)"
22481,"(3, 57)"
21246,"(4, 56)"
22308,"(5, 55)"
21628,"(6, 54)"
21031,"(7, 53)"
22364,"(8, 52)"
22428,"(9, 51)"
20782,"(10, 50)"
16046,"(11, 49)"
20857,"(12, 48)"
22085,"(13, 47)"
22763,"(14, 46)"
85103,"(15, 45)"
37476,"(16, 44)"
72586,"(17, 43)"
85130D,"(18, 42)"
22806,"(19, 41)"
21722,"(20, 40)"
21666,"(21, 39)"
21937,"(22, 38)"
22471,"(23, 37)"
84509B,"(24, 36)"
79026B,"(25, 35)"
20707,"(26, 34)"
47503A,"(27, 33)"
16169P,"(28, 32)"
21253,"(29, 31)"
22074,"(30, 30)"
22403,"(31, 29)"
85127,"(32, 28)"
21736,"(33, 27)"
22415,"(34, 26)"
84760S,"(35, 25)"
71101E,"(36, 24)"
84658,"(37, 23)"
90192,"(38, 22)"
84819,"(39, 21)"
90019A,"(40, 20)"
90094,"(41, 19)"
85185D,"(42, 18)"
84818,"(43, 17)"
21413,"(44, 16)"
21619,"(45, 15)"
20897,"(46, 14)"
72131,"(47, 13)"
47420,"(48, 12)"
47421,"(49, 11)"
21711,"(0, 61)"
84997b,"(1, 60)"
90209B,"(2, 59)"
22236,"(3, 58)"
20654,"(4, 57)"
85130B,"(5, 56)"
37482P,"(6, 55)"
84748,"(7, 54)"
20898,"(8, 53)"
22638,"(9, 52)"
22396,"(10, 51)"
85032C,"(11, 50)"
71270,"(12, 49)"
16156L,"(13, 48)"
21873,"(14, 47)"
17013D,"(15, 46)"
47594B,"(16, 45)"
22788,"(17, 44)"
85212,"(18, 43)"
21415,"(19, 42)"
37444A,"(20, 41)"
37461,"(21, 40)"
20661,"(22, 39)"
22500,"(23, 38)"
21400,"(24, 37)"
21933,"(25, 36)"
85034C,"(26, 35)"
90210B,"(27, 34)"
62096B,"(28, 33)"
85104,"(29, 32)"
90085,"(30, 31)"
90208,"(31, 30)"
22108,"(32, 29)"
85025B,"(33, 28)"
21376,"(34, 27)"
21465,"(35, 26)"
22220,"(36, 25)"
22515,"(37, 24)"
22514,"(38, 23)"
84584,"(39, 22)"
21402,"(40, 21)"
85096,"(41, 20)"
51020B,"(42, 19)"
20763,"(43, 18)"
20619,"(44, 17)"
22522,"(45, 16)"
79403,"(46, 15)"
84569C,"(47, 14)"
84924A,"(48, 13)"
84827,"(49, 12)"
21278,"(0, 62)"
90184C,"(1, 61)"
84858C,"(2, 60)"
21684,"(3, 59)"
17090A,"(4, 58)"
22093,"(5, 57)"
21375,"(6, 56)"
84865,"(7, 55)"
85126,"(8, 54)"
84968F,"(9, 53)"
22414,"(10, 52)"
84846A,"(11, 51)"
84661B,"(12, 50)"
47021G,"(13, 49)"
21645,"(14, 48)"
21555,"(15, 47)"
22438,"(16, 46)"
72349b,"(17, 45)"
22101,"(18, 44)"
85130C,"(19, 43)"
21932,"(20, 42)"
22596,"(21, 41)"
22359,"(22, 40)"
47593A,"(23, 39)"
22097,"(24, 38)"
10123C,"(25, 37)"
21851,"(26, 36)"
84509G,"(27, 35)"
22485,"(28, 34)"
21662,"(29, 33)"
20775,"(30, 32)"
84773,"(31, 31)"
21468,"(32, 30)"
84925F,"(33, 29)"
47422,"(34, 28)"
22334,"(35, 27)"
85059,"(36, 26)"
85226C,"(37, 25)"
20960,"(38, 24)"
21610,"(39, 23)"
37474,"(40, 22)"
21032,"(41, 21)"
48173c,"(42, 20)"
35810B,"(43, 19)"
35951,"(44, 18)"
84247C,"(45, 17)"
85213,"(46, 16)"
20902,"(47, 15)"
20980,"(48, 14)"
22066,"(49, 13)"
37333,"(0, 63)"
20903,"(1, 62)"
90114,"(2, 61)"
82011C,"(3, 60)"
85170B,"(4, 59)"
84968A,"(5, 58)"
21250,"(6, 57)"
22222,"(7, 56)"
48189,"(8, 55)"
84459B,"(9, 54)"
20618,"(10, 53)"
90161C,"(11, 52)"
90090,"(12, 51)"
84920,"(13, 50)"
85214,"(14, 49)"
84916,"(15, 48)"
21280,"(16, 47)"
90013C,"(17, 46)"
90161B,"(18, 45)"
20831,"(19, 44)"
71279,"(20, 43)"
21090,"(21, 42)"
21973,"(22, 41)"
17109D,"(23, 40)"
47310M,"(24, 39)"
20652,"(25, 38)"
21689,"(26, 37)"
85124B,"(27, 36)"
21197,"(28, 35)"
84931A,"(29, 34)"
22496,"(30, 33)"
79071B,"(31, 32)"
21306,"(32, 31)"
84800L,"(33, 30)"
15044C,"(34, 29)"
90059A,"(35, 28)"
21043,"(36, 27)"
22231,"(37, 26)"
21317,"(38, 25)"
90129F,"(39, 24)"
20934,"(40, 23)"
90198B,"(41, 22)"
46776F,"(42, 21)"
90147,"(43, 20)"
21841,"(44, 19)"
90042C,"(45, 18)"
22209,"(46, 17)"
20616,"(47, 16)"
84989A,"(48, 15)"
17012E,"(49, 14)"
85170D,"(0, 64)"
85208,"(1, 63)"
84842,"(2, 62)"
84968D,"(3, 61)"
15044A,"(4, 60)"
21228,"(5, 59)"
84356,"(6, 58)"
21410,"(7, 57)"
21132,"(8, 56)"
84508B,"(9, 55)"
46776A,"(10, 54)"
21382,"(11, 53)"
21424,"(12, 52)"
47481,"(13, 51)"
22964,"(14, 50)"
84509C,"(15, 49)"
90040A,"(16, 48)"
84843,"(17, 47)"
90185B,"(18, 46)"
82494l,"(19, 45)"
20653,"(20, 44)"
85211,"(21, 43)"
35809A,"(22, 42)"
84507B,"(23, 41)"
85146,"(24, 40)"
21367,"(25, 39)"
21758,"(26, 38)"
22194,"(27, 37)"
90186A,"(28, 36)"
85026B,"(29, 35)"
22513,"(30, 34)"
85031C,"(31, 33)"
17012D,"(32, 32)"
85024C,"(33, 31)"
21082,"(34, 30)"
85036C,"(35, 29)"
81952V,"(36, 28)"
21417,"(37, 27)"
84665,"(38, 26)"
22362,"(39, 25)"
20657,"(40, 24)"
84510C,"(41, 23)"
22442,"(42, 22)"
21905,"(43, 21)"
21629,"(44, 20)"
21895,"(45, 19)"
84429A,"(46, 18)"
20869,"(47, 17)"
84931B,"(48, 16)"
90120D,"(49, 15)"
90200B,"(0, 65)"
20695,"(1, 64)"
22988,"(2, 63)"
90040B,"(3, 62)"
21146,"(4, 61)"
21664,"(5, 60)"
22691,"(6, 59)"
20935,"(7, 58)"
84596K,"(8, 57)"
35645,"(9, 56)"
90185D,"(10, 55)"
84870B,"(11, 54)"
85135A,"(12, 53)"
84422,"(13, 52)"
90129A,"(14, 51)"
90200E,"(15, 50)"
84715,"(16, 49)"
85169D,"(17, 48)"
47585A,"(18, 47)"
21922,"(19, 46)"
21265,"(20, 45)"
21816,"(21, 44)"
90209C,"(22, 43)"
90134,"(23, 42)"
85047,"(24, 41)"
10134,"(25, 40)"
15044B,"(26, 39)"
20936,"(27, 38)"
84563A,"(28, 37)"
90173,"(29, 36)"
46126A,"(30, 35)"
20663,"(31, 34)"
22324,"(32, 33)"
84898F,"(33, 32)"
21849,"(34, 31)"
84563B,"(35, 30)"
85023B,"(36, 29)"
46000P,"(37, 28)"
47471,"(38, 27)"
85194S,"(39, 26)"
85020,"(40, 25)"
17090D,"(41, 24)"
90010B,"(42, 23)"
21129,"(43, 22)"
85160A,"(44, 21)"
90185C,"(45, 20)"
20932,"(46, 19)"
90096,"(47, 18)"
47578A,"(48, 17)"
90195B,"(49, 16)"
22416,"(0, 66)"
85194L,"(1, 65)"
90206C,"(2, 64)"
84975,"(3, 63)"
22926,"(4, 62)"
46776C,"(5, 61)"
84984C,"(6, 60)"
85087,"(7, 59)"
85099f,"(8, 58)"
79192A,"(9, 57)"
84917,"(10, 56)"
90013A,"(11, 55)"
85170C,"(12, 54)"
90018A,"(13, 53)"
21426,"(14, 52)"
46775D,"(15, 51)"
21386,"(16, 50)"
22305,"(17, 49)"
22261,"(18, 48)"
21717,"(19, 47)"
20705,"(20, 46)"
21667,"(21, 45)"
21432,"(22, 44)"
35240,"(23, 43)"
77101A,"(24, 42)"
22519,"(25, 41)"
84795B,"(26, 40)"
90143,"(27, 39)"
21065,"(28, 38)"
22390,"(29, 37)"
85119,"(30, 36)"
21882,"(31, 35)"
21661,"(32, 34)"
72140E,"(33, 33)"
82613A,"(34, 32)"
85032B,"(35, 31)"
85071C,"(36, 30)"
22124,"(37, 29)"
72127,"(38, 28)"
90129B,"(39, 27)"
90042A,"(40, 26)"
90059E,"(41, 25)"
20701,"(42, 24)"
20794,"(43, 23)"
79191D,"(44, 22)"
85049a,"(45, 21)"
22285,"(46, 20)"
15044D,"(47, 19)"
21654,"(48, 18)"
85183A,"(49, 17)"
90201B,"(0, 67)"
21350,"(1, 66)"
85094,"(2, 65)"
85071D,"(3, 64)"
21275,"(4, 63)"
46118,"(5, 62)"
90214I,"(6, 61)"
84927E,"(7, 60)"
90201D,"(8, 59)"
22354,"(9, 58)"
84927A,"(10, 57)"
21307,"(11, 56)"
85186A,"(12, 55)"
85063,"(13, 54)"
90198A,"(14, 53)"
90145,"(15, 52)"
84877D,"(16, 51)"
84559D,"(17, 50)"
22762,"(18, 49)"
51020A,"(19, 48)"
35966,"(20, 47)"
84813,"(21, 46)"
21359,"(22, 45)"
72750B,"(23, 44)"
90199C,"(24, 43)"
22342,"(25, 42)"
47504H,"(26, 41)"
84507C,"(27, 40)"
15056bl,"(28, 39)"
20952,"(29, 38)"
85031A,"(30, 37)"
21331,"(31, 36)"
84673A,"(32, 35)"
84313C,"(33, 34)"
47591d,"(34, 33)"
85159B,"(35, 32)"
47469,"(36, 31)"
90116,"(37, 30)"
84609,"(38, 29)"
22608,"(39, 28)"
90089,"(40, 27)"
20696,"(41, 26)"
90161A,"(42, 25)"
21366,"(43, 24)"
84637,"(44, 23)"
84926A,"(45, 22)"
90071,"(46, 21)"
20704,"(47, 20)"
85092,"(48, 19)"
21635,"(49, 18)"
71406C,"(0, 68)"
90129E,"(1, 67)"
85088,"(2, 66)"
22104,"(3, 65)"
90184B,"(4, 64)"
84899F,"(5, 63)"
21636,"(6, 62)"
22251,"(7, 61)"
47503H,"(8, 60)"
21418,"(9, 59)"
22461,"(10, 58)"
90130B,"(11, 57)"
90195A,"(12, 56)"
84709B,"(13, 55)"
90120C,"(14, 54)"
21040,"(15, 53)"
84874B,"(16, 52)"
20781,"(17, 51)"
37475,"(18, 50)"
84976,"(19, 49)"
84881,"(20, 48)"
90098,"(21, 47)"
85224,"(22, 46)"
85027L,"(23, 45)"
22526,"(24, 44)"
84660C,"(25, 43)"
90175A,"(26, 42)"
84595E,"(27, 41)"
21089,"(28, 40)"
84927F,"(29, 39)"
62094B,"(30, 38)"
21269,"(31, 37)"
90212B,"(32, 36)"
21825,"(33, 35)"
84688,"(34, 34)"
35648,"(35, 33)"
72800F,"(36, 32)"
20892,"(37, 31)"
84820,"(38, 30)"
90120B,"(39, 29)"
90129C,"(40, 28)"
90014A,"(41, 27)"
90019C,"(42, 26)"
21084,"(43, 25)"
20731,"(44, 24)"
84984D,"(45, 23)"
90005A,"(46, 22)"
84526,"(47, 21)"
90082B,"(48, 20)"
47586A,"(49, 19)"
21372,"(0, 69)"
90081C,"(1, 68)"
90161D,"(2, 67)"
47503J,"(3, 66)"
90158,"(4, 65)"
22269,"(5, 64)"
22255,"(6, 63)"
84908B,"(7, 62)"
21330,"(8, 61)"
85187,"(9, 60)"
84686,"(10, 59)"
21131,"(11, 58)"
84497,"(12, 57)"
46776E,"(13, 56)"
90057,"(14, 55)"
22325,"(15, 54)"
85019A,"(16, 53)"
16008,"(17, 52)"
21541,"(18, 51)"
15058B,"(19, 50)"
21538,"(20, 49)"
84708B,"(21, 48)"
90000D,"(22, 47)"
21226,"(23, 46)"
85180A,"(24, 45)"
84508C,"(25, 44)"
21757,"(26, 43)"
90180A,"(27, 42)"
35015,"(28, 41)"
84228,"(29, 40)"
20801,"(30, 39)"
84631,"(31, 38)"
85186C,"(32, 37)"
22965,"(33, 36)"
84856L,"(34, 35)"
20694,"(35, 34)"
22799,"(36, 33)"
84951A,"(37, 32)"
35647,"(38, 31)"
90122C,"(39, 30)"
21128,"(40, 29)"
72133,"(41, 28)"
79030D,"(42, 27)"
21879,"(43, 26)"
85136B,"(44, 25)"
22092,"(45, 24)"
35916C,"(46, 23)"
90201C,"(47, 22)"
90199B,"(48, 21)"
37330,"(49, 20)"
90184A,"(0, 70)"
85166B,"(1, 69)"
16254,"(2, 68)"
90201A,"(3, 67)"
35603C,"(4, 66)"
85169C,"(5, 65)"
22511,"(6, 64)"
46000U,"(7, 63)"
37462E,"(8, 62)"
84247N,"(9, 61)"
84924D,"(10, 60)"
85198,"(11, 59)"
20910,"(12, 58)"
90036E,"(13, 57)"
21394,"(14, 56)"
85030,"(15, 55)"
21425,"(16, 54)"
20906,"(17, 53)"
84509c,"(18, 52)"
82095,"(19, 51)"
84707B,"(20, 50)"
84870C,"(21, 49)"
47574B,"(22, 48)"
21943,"(23, 47)"
84620,"(24, 46)"
BANK CHARGES,"(25, 45)"
84663A,"(26, 44)"
20703,"(27, 43)"
16212,"(28, 42)"
90122B,"(29, 41)"
84952A,"(30, 40)"
84968E,"(31, 39)"
15056n,"(32, 38)"
21770,"(33, 37)"
21431,"(34, 36)"
84531A,"(35, 35)"
85144,"(36, 34)"
47589,"(37, 33)"
22233,"(38, 32)"
84796B,"(39, 31)"
84915,"(40, 30)"
84358,"(41, 29)"
84600,"(42, 28)"
90167,"(43, 27)"
90081A,"(44, 26)"
21473,"(45, 25)"
21765,"(46, 24)"
22510,"(47, 23)"
22345,"(48, 22)"
90129D,"(49, 21)"
21274,"(0, 71)"
85093,"(1, 70)"
84800M,"(2, 69)"
85044,"(3, 68)"
21263,"(4, 67)"
21750,"(5, 66)"
21395,"(6, 65)"
20957,"(7, 64)"
20670,"(8, 63)"
85163A,"(9, 62)"
90059D,"(10, 61)"
90175D,"(11, 60)"
21455,"(12, 59)"
82011B,"(13, 58)"
46776D,"(14, 57)"
84638,"(15, 56)"
90120A,"(16, 55)"
16202B,"(17, 54)"
35911A,"(18, 53)"
20819,"(19, 52)"
35914,"(20, 51)"
16020C,"(21, 50)"
22221,"(22, 49)"
72807c,"(23, 48)"
21457,"(24, 47)"
22498,"(25, 46)"
84905,"(26, 45)"
85141,"(27, 44)"
20821,"(28, 43)"
85019C,"(29, 42)"
21277,"(30, 41)"
22254,"(31, 40)"
84687,"(32, 39)"
47559b,"(33, 38)"
20851,"(34, 37)"
84247K,"(35, 36)"
47013C,"(36, 35)"
85098B,"(37, 34)"
21416,"(38, 33)"
17012F,"(39, 32)"
21134,"(40, 31)"
84712B,"(41, 30)"
72351a,"(42, 29)"
84802A,"(43, 28)"
85042,"(44, 27)"
84951B,"(45, 26)"
84522,"(46, 25)"
90190C,"(47, 24)"
85031B,"(48, 23)"
90165B,"(49, 22)"
16202A,"(0, 72)"
90122A,"(1, 71)"
85179B,"(2, 70)"
72132,"(3, 69)"
21004,"(4, 68)"
20850,"(5, 67)"
21615,"(6, 66)"
21631,"(7, 65)"
21344,"(8, 64)"
22344,"(9, 63)"
84925D,"(10, 62)"
21633,"(11, 61)"
84597C,"(12, 60)"
90157,"(13, 59)"
21794,"(14, 58)"
22284,"(15, 57)"
85205B,"(16, 56)"
21336,"(17, 55)"
84033,"(18, 54)"
84803A,"(19, 53)"
22538,"(20, 52)"
84707A,"(21, 51)"
90160C,"(22, 50)"
90211B,"(23, 49)"
90073,"(24, 48)"
90186B,"(25, 47)"
20793,"(26, 46)"
90125D,"(27, 45)"
90003B,"(28, 44)"
84689,"(29, 43)"
84882,"(30, 42)"
22164,"(31, 41)"
90014C,"(32, 40)"
82597,"(33, 39)"
20840,"(34, 38)"
84660B,"(35, 37)"
21632,"(36, 36)"
84908A,"(37, 35)"
90124B,"(38, 34)"
90204,"(39, 33)"
90018B,"(40, 32)"
85180B,"(41, 31)"
84927D,"(42, 30)"
35810A,"(43, 29)"
20849,"(44, 28)"
21095,"(45, 27)"
22528,"(46, 26)"
90197B,"(47, 25)"
22446,"(48, 24)"
84977,"(49, 23)"
21199,"(0, 73)"
85089,"(1, 72)"
85033S,"(2, 71)"
22408,"(3, 70)"
85159A,"(4, 69)"
85163B,"(5, 68)"
84711B,"(6, 67)"
90036A,"(7, 66)"
21548,"(8, 65)"
35916A,"(9, 64)"
22201,"(10, 63)"
90175B,"(11, 62)"
90070,"(12, 61)"
22914,"(13, 60)"
84744,"(14, 59)"
62095B,"(15, 58)"
21320,"(16, 57)"
21414,"(17, 56)"
84007,"(18, 55)"
90082A,"(19, 54)"
22292,"(20, 53)"
85189,"(21, 52)"
47579,"(22, 51)"
21332,"(23, 50)"
84509F,"(24, 49)"
21761,"(25, 48)"
85197,"(26, 47)"
85145,"(27, 46)"
20839,"(28, 45)"
21198,"(29, 44)"
84388,"(30, 43)"
22123,"(31, 42)"
90112,"(32, 41)"
85121C,"(33, 40)"
22215,"(34, 39)"
81950B,"(35, 38)"
20997,"(36, 37)"
21850,"(37, 36)"
72803B,"(38, 35)"
90010A,"(39, 34)"
84531B,"(40, 33)"
90175C,"(41, 32)"
15058C,"(42, 31)"
90170,"(43, 30)"
21454,"(44, 29)"
20861,"(45, 28)"
90039D,"(46, 27)"
22393,"(47, 26)"
90159,"(48, 25)"
90160B,"(49, 24)"
35915C,"(0, 74)"
22516,"(1, 73)"
35649,"(2, 72)"
90144,"(3, 71)"
90190A,"(4, 70)"
84872A,"(5, 69)"
84559a,"(6, 68)"
90010E,"(7, 67)"
90032,"(8, 66)"
47574A,"(9, 65)"
85090,"(10, 64)"
21476,"(11, 63)"
21659,"(12, 62)"
90164B,"(13, 61)"
20700,"(14, 60)"
35004c,"(15, 59)"
90133,"(16, 58)"
10123G,"(17, 57)"
90072,"(18, 56)"
85168B,"(19, 55)"
gift_0001_30,"(20, 54)"
84989a,"(21, 53)"
90163A,"(22, 52)"
90178A,"(23, 51)"
90166,"(24, 50)"
84675,"(25, 49)"
35916B,"(26, 48)"
84796A,"(27, 47)"
22656,"(28, 46)"
90024B,"(29, 45)"
gift_0001_20,"(30, 44)"
85232b,"(31, 43)"
